"source_system;client_id;snapshot_ts;po_internal_id;po_number;vendor_id;inbound_shipment_number;inbound_shipment_status;item_internal_id;quantity_inbound;expected_shipping_date;actual_shipping_date;expected_delivery_date;actual_delivery_date;available_for_sale_date;location_id"
"netsuite;vonderk;2026-07-20 14:22;362792;OC_ME-250;8444;INBSHIP245;Para enviar;12660;2000;;;;;;"
"netsuite;vonderk;2026-07-20 14:22;362792;OC_ME-250;8444;INBSHIP245;Para enviar;9726;1008;;;;;;"
"netsuite;vonderk;2026-07-20 14:22;362792;OC_ME-250;8444;INBSHIP245;Para enviar;9726;1008;;;;;;"
"netsuite;vonderk;2026-07-20 14:22;362792;OC_ME-250;8444;INBSHIP245;Para enviar;9785;540;;;;;;"
"netsuite;vonderk;2026-07-20 14:22;362792;OC_ME-250;8444;INBSHIP245;Para enviar;9722;3000;;;;;;"
"netsuite;vonderk;2026-07-20 14:22;362792;OC_ME-250;8444;INBSHIP245;Para enviar;9720;4000;;;;;;"
"netsuite;vonderk;2026-07-20 14:22;362792;OC_ME-250;8444;INBSHIP245;Para enviar;12661;2000;;;;;;"
"netsuite;vonderk;2026-07-20 14:22;356270;OC_ME-249;8444;INBSHIP244;Para enviar;12625;10;;;;;;"
"netsuite;vonderk;2026-07-20 14:22;356270;OC_ME-249;8444;INBSHIP243;Para enviar;12136;50;;;;;;"
"netsuite;vonderk;2026-07-20 14:22;356270;OC_ME-249;8444;INBSHIP243;Para enviar;12133;50;;;;;;"
"netsuite;vonderk;2026-07-20 14:22;356270;OC_ME-249;8444;INBSHIP243;Para enviar;12132;50;;;;;;"
"netsuite;vonderk;2026-07-20 14:22;356270;OC_ME-249;8444;INBSHIP243;Para enviar;12128;50;;;;;;"
"netsuite;vonderk;2026-07-20 14:22;356270;OC_ME-249;8444;INBSHIP243;Para enviar;12127;150;;;;;;"
"netsuite;vonderk;2026-07-20 14:22;356270;OC_ME-249;8444;INBSHIP243;Para enviar;12135;50;;;;;;"
"netsuite;vonderk;2026-07-20 14:22;348537;OC_ME-248;8444;INBSHIP241;Para enviar;12615;10;;;;;;"
"netsuite;vonderk;2026-07-20 14:22;348537;OC_ME-248;8444;INBSHIP241;Para enviar;12614;10;;;;;;"
"netsuite;vonderk;2026-07-20 14:22;348537;OC_ME-248;8444;INBSHIP241;Para enviar;12613;10;;;;;;"
"netsuite;vonderk;2026-07-20 14:22;348537;OC_ME-248;8444;INBSHIP241;Para enviar;12612;20;;;;;;"
"netsuite;vonderk;2026-07-20 14:22;348537;OC_ME-248;8444;INBSHIP241;Para enviar;12611;10;;;;;;"
"netsuite;vonderk;2026-07-20 14:22;348537;OC_ME-248;8444;INBSHIP241;Para enviar;12610;10;;;;;;"
"netsuite;vonderk;2026-07-20 14:22;348537;OC_ME-248;8444;INBSHIP241;Para enviar;12617;100;;;;;;"
"netsuite;vonderk;2026-07-20 14:22;348537;OC_ME-248;8444;INBSHIP241;Para enviar;12616;100;;;;;;"
"netsuite;vonderk;2026-07-20 14:22;348537;OC_ME-248;8444;INBSHIP241;Para enviar;9990;500;;;;;;"
"netsuite;vonderk;2026-07-20 14:22;348537;OC_ME-248;8444;INBSHIP241;Para enviar;9991;250;;;;;;"
"netsuite;vonderk;2026-07-20 14:22;348537;OC_ME-248;8444;INBSHIP241;Para enviar;9288;250;;;;;;"
"netsuite;vonderk;2026-07-20 14:22;348537;OC_ME-248;8444;INBSHIP241;Para enviar;9283;330;;;;;;"
"netsuite;vonderk;2026-07-20 14:22;348537;OC_ME-248;8444;INBSHIP241;Para enviar;9780;700;;;;;;"
"netsuite;vonderk;2026-07-20 14:22;348537;OC_ME-248;8444;INBSHIP241;Para enviar;12608;200;;;;;;"
"netsuite;vonderk;2026-07-20 14:22;348537;OC_ME-248;8444;INBSHIP241;Para enviar;12609;200;;;;;;"
"netsuite;vonderk;2026-07-20 14:22;348143;OC_ME-246;9866;INBSHIP240;En tránsito;8876;1500;13/07/2026;;25/08/2026;;02/09/2026;"
"netsuite;vonderk;2026-07-20 14:22;348143;OC_ME-246;9866;INBSHIP240;En tránsito;12317;1500;13/07/2026;;25/08/2026;;02/09/2026;"
"netsuite;vonderk;2026-07-20 14:22;348143;OC_ME-246;9866;INBSHIP240;En tránsito;10109;1200;13/07/2026;;25/08/2026;;02/09/2026;"
"netsuite;vonderk;2026-07-20 14:22;348143;OC_ME-246;9866;INBSHIP240;En tránsito;10107;3000;13/07/2026;;25/08/2026;;02/09/2026;"
"netsuite;vonderk;2026-07-20 14:22;348143;OC_ME-246;9866;INBSHIP240;En tránsito;12018;3000;13/07/2026;;25/08/2026;;02/09/2026;"
"netsuite;vonderk;2026-07-20 14:22;333013;OC_ME-231;9866;INBSHIP239;Para enviar;12386;102;;;;;;"
"netsuite;vonderk;2026-07-20 14:22;333013;OC_ME-231;9866;INBSHIP239;Para enviar;12377;160;;;;;;"
"netsuite;vonderk;2026-07-20 14:22;333013;OC_ME-231;9866;INBSHIP239;Para enviar;12379;104;;;;;;"
"netsuite;vonderk;2026-07-20 14:22;333013;OC_ME-231;9866;INBSHIP239;Para enviar;12383;500;;;;;;"
"netsuite;vonderk;2026-07-20 14:22;333013;OC_ME-231;9866;INBSHIP239;Para enviar;12606;150;;;;;;"
"netsuite;vonderk;2026-07-20 14:22;333013;OC_ME-231;9866;INBSHIP239;Para enviar;12607;150;;;;;;"
"netsuite;vonderk;2026-07-20 14:22;333013;OC_ME-231;9866;INBSHIP239;Para enviar;12594;100;;;;;;"
"netsuite;vonderk;2026-07-20 14:22;339785;OC_ME-244;8444;INBSHIP238;Para enviar;9977;100;;;;;;"
"netsuite;vonderk;2026-07-20 14:22;339785;OC_ME-244;8444;INBSHIP238;Para enviar;9927;350;;;;;;"
"netsuite;vonderk;2026-07-20 14:22;339785;OC_ME-244;8444;INBSHIP238;Para enviar;9935;125;;;;;;"
"netsuite;vonderk;2026-07-20 14:22;339785;OC_ME-244;8444;INBSHIP238;Para enviar;9936;100;;;;;;"
"netsuite;vonderk;2026-07-20 14:22;339785;OC_ME-244;8444;INBSHIP238;Para enviar;9937;100;;;;;;"
"netsuite;vonderk;2026-07-20 14:22;339785;OC_ME-244;8444;INBSHIP238;Para enviar;11096;100;;;;;;"
"netsuite;vonderk;2026-07-20 14:22;339785;OC_ME-244;8444;INBSHIP238;Para enviar;9946;100;;;;;;"
"netsuite;vonderk;2026-07-20 14:22;339785;OC_ME-244;8444;INBSHIP238;Para enviar;9950;60;;;;;;"
"netsuite;vonderk;2026-07-20 14:22;339785;OC_ME-244;8444;INBSHIP238;Para enviar;9952;250;;;;;;"
"netsuite;vonderk;2026-07-20 14:22;339785;OC_ME-244;8444;INBSHIP238;Para enviar;9954;160;;;;;;"
"netsuite;vonderk;2026-07-20 14:22;339785;OC_ME-244;8444;INBSHIP238;Para enviar;9955;300;;;;;;"
"netsuite;vonderk;2026-07-20 14:22;339785;OC_ME-244;8444;INBSHIP238;Para enviar;9959;200;;;;;;"
"netsuite;vonderk;2026-07-20 14:22;339785;OC_ME-244;8444;INBSHIP238;Para enviar;9962;70;;;;;;"
"netsuite;vonderk;2026-07-20 14:22;339785;OC_ME-244;8444;INBSHIP238;Para enviar;10390;90;;;;;;"
"netsuite;vonderk;2026-07-20 14:22;339785;OC_ME-244;8444;INBSHIP238;Para enviar;11942;250;;;;;;"
"netsuite;vonderk;2026-07-20 14:22;339785;OC_ME-244;8444;INBSHIP238;Para enviar;11943;150;;;;;;"
"netsuite;vonderk;2026-07-20 14:22;339785;OC_ME-244;8444;INBSHIP238;Para enviar;11944;100;;;;;;"
"netsuite;vonderk;2026-07-20 14:22;339785;OC_ME-244;8444;INBSHIP238;Para enviar;6772;400;;;;;;"
"netsuite;vonderk;2026-07-20 14:22;339785;OC_ME-244;8444;INBSHIP238;Para enviar;11195;100;;;;;;"
"netsuite;vonderk;2026-07-20 14:22;339785;OC_ME-244;8444;INBSHIP238;Para enviar;10569;250;;;;;;"
"netsuite;vonderk;2026-07-20 14:22;339785;OC_ME-244;8444;INBSHIP238;Para enviar;8802;100;;;;;;"
"netsuite;vonderk;2026-07-20 14:22;339785;OC_ME-244;8444;INBSHIP238;Para enviar;9987;125;;;;;;"
"netsuite;vonderk;2026-07-20 14:22;339785;OC_ME-244;8444;INBSHIP238;Para enviar;10009;125;;;;;;"
"netsuite;vonderk;2026-07-20 14:22;339785;OC_ME-244;8444;INBSHIP238;Para enviar;10011;500;;;;;;"
"netsuite;vonderk;2026-07-20 14:22;339785;OC_ME-244;8444;INBSHIP238;Para enviar;10000;90;;;;;;"
"netsuite;vonderk;2026-07-20 14:22;339785;OC_ME-244;8444;INBSHIP238;Para enviar;10001;100;;;;;;"
"netsuite;vonderk;2026-07-20 14:22;339785;OC_ME-244;8444;INBSHIP238;Para enviar;10005;75;;;;;;"
"netsuite;vonderk;2026-07-20 14:22;339785;OC_ME-244;8444;INBSHIP238;Para enviar;10021;220;;;;;;"
"netsuite;vonderk;2026-07-20 14:22;339785;OC_ME-244;8444;INBSHIP238;Para enviar;12154;100;;;;;;"
"netsuite;vonderk;2026-07-20 14:22;339785;OC_ME-244;8444;INBSHIP238;Para enviar;10048;200;;;;;;"
"netsuite;vonderk;2026-07-20 14:22;339785;OC_ME-244;8444;INBSHIP238;Para enviar;10055;600;;;;;;"
"netsuite;vonderk;2026-07-20 14:22;339785;OC_ME-244;8444;INBSHIP238;Para enviar;10062;270;;;;;;"
"netsuite;vonderk;2026-07-20 14:22;339785;OC_ME-244;8444;INBSHIP238;Para enviar;10075;400;;;;;;"
"netsuite;vonderk;2026-07-20 14:22;339785;OC_ME-244;8444;INBSHIP238;Para enviar;9976;150;;;;;;"
"netsuite;vonderk;2026-07-20 14:22;313110;OC_ME-220;8444;INBSHIP237;Para enviar;12090;50;;;;;;"
"netsuite;vonderk;2026-07-20 14:22;313110;OC_ME-220;8444;INBSHIP237;Para enviar;12591;300;;;;;;"
"netsuite;vonderk;2026-07-20 14:22;313110;OC_ME-220;8444;INBSHIP237;Para enviar;11943;300;;;;;;"
"netsuite;vonderk;2026-07-20 14:22;313110;OC_ME-220;8444;INBSHIP237;Para enviar;9686;160;;;;;;"
"netsuite;vonderk;2026-07-20 14:22;313110;OC_ME-220;8444;INBSHIP237;Para enviar;9690;350;;;;;;"
"netsuite;vonderk;2026-07-20 14:22;313110;OC_ME-220;8444;INBSHIP237;Para enviar;11195;200;;;;;;"
"netsuite;vonderk;2026-07-20 14:22;313110;OC_ME-220;8444;INBSHIP237;Para enviar;10570;250;;;;;;"
"netsuite;vonderk;2026-07-20 14:22;313110;OC_ME-220;8444;INBSHIP237;Para enviar;9984;140;;;;;;"
"netsuite;vonderk;2026-07-20 14:22;313110;OC_ME-220;8444;INBSHIP237;Para enviar;9987;100;;;;;;"
"netsuite;vonderk;2026-07-20 14:22;313110;OC_ME-220;8444;INBSHIP237;Para enviar;10011;440;;;;;;"
"netsuite;vonderk;2026-07-20 14:22;313110;OC_ME-220;8444;INBSHIP237;Para enviar;10000;100;;;;;;"
"netsuite;vonderk;2026-07-20 14:22;313110;OC_ME-220;8444;INBSHIP237;Para enviar;10001;100;;;;;;"
"netsuite;vonderk;2026-07-20 14:22;313110;OC_ME-220;8444;INBSHIP237;Para enviar;10005;75;;;;;;"
"netsuite;vonderk;2026-07-20 14:22;313110;OC_ME-220;8444;INBSHIP237;Para enviar;10030;170;;;;;;"
"netsuite;vonderk;2026-07-20 14:22;313110;OC_ME-220;8444;INBSHIP237;Para enviar;12154;100;;;;;;"
"netsuite;vonderk;2026-07-20 14:22;313110;OC_ME-220;8444;INBSHIP237;Para enviar;10048;170;;;;;;"
"netsuite;vonderk;2026-07-20 14:22;313110;OC_ME-220;8444;INBSHIP237;Para enviar;10055;450;;;;;;"
"netsuite;vonderk;2026-07-20 14:22;313110;OC_ME-220;8444;INBSHIP237;Para enviar;10075;300;;;;;;"
"netsuite;vonderk;2026-07-20 14:22;313110;OC_ME-220;8444;INBSHIP237;Para enviar;12393;20;;;;;;"
"netsuite;vonderk;2026-07-20 14:22;313110;OC_ME-220;8444;INBSHIP237;Para enviar;9976;120;;;;;;"
"netsuite;vonderk;2026-07-20 14:22;313110;OC_ME-220;8444;INBSHIP237;Para enviar;9977;100;;;;;;"
"netsuite;vonderk;2026-07-20 14:22;313110;OC_ME-220;8444;INBSHIP237;Para enviar;9925;130;;;;;;"
"netsuite;vonderk;2026-07-20 14:22;313110;OC_ME-220;8444;INBSHIP237;Para enviar;9927;260;;;;;;"
"netsuite;vonderk;2026-07-20 14:22;313110;OC_ME-220;8444;INBSHIP237;Para enviar;9935;120;;;;;;"
"netsuite;vonderk;2026-07-20 14:22;313110;OC_ME-220;8444;INBSHIP237;Para enviar;9937;80;;;;;;"
"netsuite;vonderk;2026-07-20 14:22;313110;OC_ME-220;8444;INBSHIP237;Para enviar;9946;100;;;;;;"
"netsuite;vonderk;2026-07-20 14:22;313110;OC_ME-220;8444;INBSHIP237;Para enviar;9950;70;;;;;;"
"netsuite;vonderk;2026-07-20 14:22;313110;OC_ME-220;8444;INBSHIP237;Para enviar;9952;300;;;;;;"
"netsuite;vonderk;2026-07-20 14:22;313110;OC_ME-220;8444;INBSHIP237;Para enviar;9955;300;;;;;;"
"netsuite;vonderk;2026-07-20 14:22;313110;OC_ME-220;8444;INBSHIP237;Para enviar;9959;200;;;;;;"
"netsuite;vonderk;2026-07-20 14:22;313110;OC_ME-220;8444;INBSHIP237;Para enviar;9962;40;;;;;;"
"netsuite;vonderk;2026-07-20 14:22;313110;OC_ME-220;8444;INBSHIP237;Para enviar;12585;100;;;;;;"
"netsuite;vonderk;2026-07-20 14:22;313110;OC_ME-220;8444;INBSHIP237;Para enviar;12586;50;;;;;;"
"netsuite;vonderk;2026-07-20 14:22;313110;OC_ME-220;8444;INBSHIP237;Para enviar;12587;50;;;;;;"
"netsuite;vonderk;2026-07-20 14:22;313110;OC_ME-220;8444;INBSHIP237;Para enviar;12590;700;;;;;;"
"netsuite;vonderk;2026-07-20 14:22;313110;OC_ME-220;8444;INBSHIP237;Para enviar;12092;10;;;;;;"
"netsuite;vonderk;2026-07-20 14:22;324155;OC_ME-224;9866;INBSHIP236;En tránsito;9581;250;06/07/2026;;18/08/2026;;11/09/2026;"
"netsuite;vonderk;2026-07-20 14:22;324155;OC_ME-224;9866;INBSHIP236;En tránsito;9843;200;06/07/2026;;18/08/2026;;11/09/2026;"
"netsuite;vonderk;2026-07-20 14:22;324155;OC_ME-224;9866;INBSHIP236;En tránsito;12025;100;06/07/2026;;18/08/2026;;11/09/2026;"
"netsuite;vonderk;2026-07-20 14:22;324155;OC_ME-224;9866;INBSHIP236;En tránsito;12595;200;06/07/2026;;18/08/2026;;11/09/2026;"
"netsuite;vonderk;2026-07-20 14:22;324155;OC_ME-224;9866;INBSHIP236;En tránsito;10426;100;06/07/2026;;18/08/2026;;11/09/2026;"
"netsuite;vonderk;2026-07-20 14:22;324155;OC_ME-224;9866;INBSHIP236;En tránsito;12596;300;06/07/2026;;18/08/2026;;11/09/2026;"
"netsuite;vonderk;2026-07-20 14:22;324155;OC_ME-224;9866;INBSHIP236;En tránsito;10425;100;06/07/2026;;18/08/2026;;11/09/2026;"
"netsuite;vonderk;2026-07-20 14:22;338540;OC_ME-243;9866;INBSHIP235;Para enviar;11152;204;;;;;;"
"netsuite;vonderk;2026-07-20 14:22;338540;OC_ME-243;9866;INBSHIP235;Para enviar;11920;360;;;;;;"
"netsuite;vonderk;2026-07-20 14:22;338540;OC_ME-243;9866;INBSHIP235;Para enviar;12199;320;;;;;;"
"netsuite;vonderk;2026-07-20 14:22;338540;OC_ME-243;9866;INBSHIP235;Para enviar;12201;300;;;;;;"
"netsuite;vonderk;2026-07-20 14:22;338540;OC_ME-243;9866;INBSHIP235;Para enviar;9719;260;;;;;;"
"netsuite;vonderk;2026-07-20 14:22;338540;OC_ME-243;9866;INBSHIP235;Para enviar;10411;300;;;;;;"
"netsuite;vonderk;2026-07-20 14:22;338540;OC_ME-243;9866;INBSHIP235;Para enviar;9738;400;;;;;;"
"netsuite;vonderk;2026-07-20 14:22;338540;OC_ME-243;9866;INBSHIP235;Para enviar;12211;120;;;;;;"
"netsuite;vonderk;2026-07-20 14:22;338540;OC_ME-243;9866;INBSHIP235;Para enviar;12206;150;;;;;;"
"netsuite;vonderk;2026-07-20 14:22;338540;OC_ME-243;9866;INBSHIP235;Para enviar;10142;108;;;;;;"
"netsuite;vonderk;2026-07-20 14:22;338540;OC_ME-243;9866;INBSHIP235;Para enviar;9737;500;;;;;;"
"netsuite;vonderk;2026-07-20 14:22;338354;OC_ME-241;8444;INBSHIP233;Para enviar;9615;60;;;;;;"
"netsuite;vonderk;2026-07-20 14:22;338354;OC_ME-241;8444;INBSHIP233;Para enviar;9613;100;;;;;;"
"netsuite;vonderk;2026-07-20 14:22;338354;OC_ME-241;8444;INBSHIP233;Para enviar;8830;100;;;;;;"
"netsuite;vonderk;2026-07-20 14:22;338354;OC_ME-241;8444;INBSHIP233;Para enviar;10393;100;;;;;;"
"netsuite;vonderk;2026-07-20 14:22;338354;OC_ME-241;8444;INBSHIP233;Para enviar;8835;250;;;;;;"
"netsuite;vonderk;2026-07-20 14:22;338354;OC_ME-241;8444;INBSHIP233;Para enviar;8831;300;;;;;;"
"netsuite;vonderk;2026-07-20 14:22;338354;OC_ME-241;8444;INBSHIP233;Para enviar;9850;100;;;;;;"
"netsuite;vonderk;2026-07-20 14:22;338354;OC_ME-241;8444;INBSHIP233;Para enviar;8833;100;;;;;;"
"netsuite;vonderk;2026-07-20 14:22;338156;OC_ME-239;9866;INBSHIP231;Para enviar;8531;450;;;;;;"
"netsuite;vonderk;2026-07-20 14:22;338156;OC_ME-239;9866;INBSHIP231;Para enviar;9239;60;;;;;;"
"netsuite;vonderk;2026-07-20 14:22;338156;OC_ME-239;9866;INBSHIP231;Para enviar;8542;300;;;;;;"
"netsuite;vonderk;2026-07-20 14:22;338156;OC_ME-239;9866;INBSHIP231;Para enviar;8534;300;;;;;;"
"netsuite;vonderk;2026-07-20 14:22;337175;OC_ME-237;9866;INBSHIP227;En tránsito;9843;300;27/07/2026;;08/09/2026;;05/10/2026;"
"netsuite;vonderk;2026-07-20 14:22;337175;OC_ME-237;9866;INBSHIP227;En tránsito;12552;100;27/07/2026;;08/09/2026;;05/10/2026;"
"netsuite;vonderk;2026-07-20 14:22;337175;OC_ME-237;9866;INBSHIP227;En tránsito;12588;250;27/07/2026;;08/09/2026;;05/10/2026;"
"netsuite;vonderk;2026-07-20 14:22;337175;OC_ME-237;9866;INBSHIP227;En tránsito;12589;1000;27/07/2026;;08/09/2026;;05/10/2026;"
"netsuite;vonderk;2026-07-20 14:22;337175;OC_ME-237;9866;INBSHIP227;En tránsito;10425;100;27/07/2026;;08/09/2026;;05/10/2026;"
"netsuite;vonderk;2026-07-20 14:22;337175;OC_ME-237;9866;INBSHIP227;En tránsito;12553;300;27/07/2026;;08/09/2026;;05/10/2026;"
"netsuite;vonderk;2026-07-20 14:22;337175;OC_ME-237;9866;INBSHIP227;En tránsito;9591;800;27/07/2026;;08/09/2026;;05/10/2026;"
"netsuite;vonderk;2026-07-20 14:22;334516;OC_ME-235;9866;INBSHIP225;Para enviar;12593;20;10/07/2026;;20/08/2026;;15/09/2026;"
"netsuite;vonderk;2026-07-20 14:22;334516;OC_ME-235;9866;INBSHIP225;Para enviar;12592;10;10/07/2026;;20/08/2026;;15/09/2026;"
"netsuite;vonderk;2026-07-20 14:22;333133;OC_ME-233;9866;INBSHIP223;En tránsito;10397;100;03/08/2026;;15/09/2026;;12/10/2026;"
"netsuite;vonderk;2026-07-20 14:22;333133;OC_ME-233;9866;INBSHIP223;En tránsito;10398;150;03/08/2026;;15/09/2026;;12/10/2026;"
"netsuite;vonderk;2026-07-20 14:22;333133;OC_ME-233;9866;INBSHIP223;En tránsito;10408;150;03/08/2026;;15/09/2026;;12/10/2026;"
"netsuite;vonderk;2026-07-20 14:22;333133;OC_ME-233;9866;INBSHIP223;En tránsito;10403;50;03/08/2026;;15/09/2026;;12/10/2026;"
"netsuite;vonderk;2026-07-20 14:22;333133;OC_ME-233;9866;INBSHIP223;En tránsito;10368;350;03/08/2026;;15/09/2026;;12/10/2026;"
"netsuite;vonderk;2026-07-20 14:22;333133;OC_ME-233;9866;INBSHIP223;En tránsito;10367;150;03/08/2026;;15/09/2026;;12/10/2026;"
"netsuite;vonderk;2026-07-20 14:22;333133;OC_ME-233;9866;INBSHIP223;En tránsito;10228;750;03/08/2026;;15/09/2026;;12/10/2026;"
"netsuite;vonderk;2026-07-20 14:22;333133;OC_ME-233;9866;INBSHIP223;En tránsito;10208;550;03/08/2026;;15/09/2026;;12/10/2026;"
"netsuite;vonderk;2026-07-20 14:22;333133;OC_ME-233;9866;INBSHIP223;En tránsito;9882;25;03/08/2026;;15/09/2026;;12/10/2026;"
"netsuite;vonderk;2026-07-20 14:22;333133;OC_ME-233;9866;INBSHIP223;En tránsito;9881;100;03/08/2026;;15/09/2026;;12/10/2026;"
"netsuite;vonderk;2026-07-20 14:22;333133;OC_ME-233;9866;INBSHIP223;En tránsito;9879;250;03/08/2026;;15/09/2026;;12/10/2026;"
"netsuite;vonderk;2026-07-20 14:22;333133;OC_ME-233;9866;INBSHIP223;En tránsito;9867;20;03/08/2026;;15/09/2026;;12/10/2026;"
"netsuite;vonderk;2026-07-20 14:22;333133;OC_ME-233;9866;INBSHIP223;En tránsito;10364;1000;03/08/2026;;15/09/2026;;12/10/2026;"
"netsuite;vonderk;2026-07-20 14:22;333017;OC_ME-232;9866;INBSHIP222;Para enviar;9769;500;;;;;;"
"netsuite;vonderk;2026-07-20 14:22;333017;OC_ME-232;9866;INBSHIP222;Para enviar;9767;700;;;;;;"
"netsuite;vonderk;2026-07-20 14:22;333017;OC_ME-232;9866;INBSHIP222;Para enviar;9765;1000;;;;;;"
"netsuite;vonderk;2026-07-20 14:22;333017;OC_ME-232;9866;INBSHIP222;Para enviar;9764;2000;;;;;;"
"netsuite;vonderk;2026-07-20 14:22;333017;OC_ME-232;9866;INBSHIP222;Para enviar;9993;500;;;;;;"
"netsuite;vonderk;2026-07-20 14:22;333017;OC_ME-232;9866;INBSHIP222;Para enviar;9778;2700;;;;;;"
"netsuite;vonderk;2026-07-20 14:22;333017;OC_ME-232;9866;INBSHIP222;Para enviar;9770;300;;;;;;"
"netsuite;vonderk;2026-07-20 14:22;330251;OC_TDS-19;9866;INBSHIP221;En tránsito;11785;4000;20/06/2026;;30/07/2026;;21/08/2026;"
"netsuite;vonderk;2026-07-20 14:22;326331;OC_ME-229;9866;INBSHIP220;En tránsito;9718;520;17/07/2026;;25/08/2026;;21/09/2026;"
"netsuite;vonderk;2026-07-20 14:22;326331;OC_ME-229;9866;INBSHIP220;En tránsito;9737;400;17/07/2026;;25/08/2026;;21/09/2026;"
"netsuite;vonderk;2026-07-20 14:22;326331;OC_ME-229;9866;INBSHIP220;En tránsito;9740;352;17/07/2026;;25/08/2026;;21/09/2026;"
"netsuite;vonderk;2026-07-20 14:22;326331;OC_ME-229;9866;INBSHIP220;En tránsito;10311;504;17/07/2026;;25/08/2026;;21/09/2026;"
"netsuite;vonderk;2026-07-20 14:22;326331;OC_ME-229;9866;INBSHIP220;En tránsito;11093;100;17/07/2026;;25/08/2026;;21/09/2026;"
"netsuite;vonderk;2026-07-20 14:22;326331;OC_ME-229;9866;INBSHIP220;En tránsito;11095;306;17/07/2026;;25/08/2026;;21/09/2026;"
"netsuite;vonderk;2026-07-20 14:22;326331;OC_ME-229;9866;INBSHIP220;En tránsito;10410;920;17/07/2026;;25/08/2026;;21/09/2026;"
"netsuite;vonderk;2026-07-20 14:22;326331;OC_ME-229;9866;INBSHIP220;En tránsito;11097;120;17/07/2026;;25/08/2026;;21/09/2026;"
"netsuite;vonderk;2026-07-20 14:22;326214;OC_ME-228;9866;INBSHIP219;En tránsito;12560;200;29/07/2026;;03/09/2026;;30/09/2026;"
"netsuite;vonderk;2026-07-20 14:22;326214;OC_ME-228;9866;INBSHIP219;En tránsito;12558;200;29/07/2026;;03/09/2026;;30/09/2026;"
"netsuite;vonderk;2026-07-20 14:22;326214;OC_ME-228;9866;INBSHIP219;En tránsito;12561;200;29/07/2026;;03/09/2026;;30/09/2026;"
"netsuite;vonderk;2026-07-20 14:22;326214;OC_ME-228;9866;INBSHIP219;En tránsito;12559;200;29/07/2026;;03/09/2026;;30/09/2026;"
"netsuite;vonderk;2026-07-20 14:22;326214;OC_ME-228;9866;INBSHIP219;En tránsito;9855;100;29/07/2026;;03/09/2026;;30/09/2026;"
"netsuite;vonderk;2026-07-20 14:22;326214;OC_ME-228;9866;INBSHIP219;En tránsito;9854;600;29/07/2026;;03/09/2026;;30/09/2026;"
"netsuite;vonderk;2026-07-20 14:22;326214;OC_ME-228;9866;INBSHIP219;En tránsito;9652;170;29/07/2026;;03/09/2026;;30/09/2026;"
"netsuite;vonderk;2026-07-20 14:22;324932;OC_ME-227;9866;INBSHIP218;En tránsito;9669;500;17/07/2026;;05/09/2026;;02/10/2026;"
"netsuite;vonderk;2026-07-20 14:22;324932;OC_ME-227;9866;INBSHIP218;En tránsito;9670;1100;17/07/2026;;05/09/2026;;02/10/2026;"
"netsuite;vonderk;2026-07-20 14:22;324932;OC_ME-227;9866;INBSHIP218;En tránsito;10243;600;17/07/2026;;05/09/2026;;02/10/2026;"
"netsuite;vonderk;2026-07-20 14:22;324290;OC_TDS-18;9866;INBSHIP216;En tránsito;12565;1500;06/07/2026;;18/08/2026;;14/09/2026;"
"netsuite;vonderk;2026-07-20 14:22;324290;OC_TDS-18;9866;INBSHIP216;En tránsito;12564;1500;06/07/2026;;18/08/2026;;14/09/2026;"
"netsuite;vonderk;2026-07-20 14:22;324290;OC_TDS-18;9866;INBSHIP216;En tránsito;12563;1500;06/07/2026;;18/08/2026;;14/09/2026;"
"netsuite;vonderk;2026-07-20 14:22;324290;OC_TDS-18;9866;INBSHIP216;En tránsito;12562;1500;06/07/2026;;18/08/2026;;14/09/2026;"
"netsuite;vonderk;2026-07-20 14:22;324290;OC_TDS-18;9866;INBSHIP216;En tránsito;11827;500;06/07/2026;;18/08/2026;;14/09/2026;"
"netsuite;vonderk;2026-07-20 14:22;324290;OC_TDS-18;9866;INBSHIP216;En tránsito;11808;1700;06/07/2026;;18/08/2026;;14/09/2026;"
"netsuite;vonderk;2026-07-20 14:22;324290;OC_TDS-18;9866;INBSHIP216;En tránsito;11753;3000;06/07/2026;;18/08/2026;;14/09/2026;"
"netsuite;vonderk;2026-07-20 14:22;324272;OC_ME-225;9866;INBSHIP215;En tránsito;10323;20;06/07/2026;;18/08/2026;;11/09/2026;"
"netsuite;vonderk;2026-07-20 14:22;324272;OC_ME-225;9866;INBSHIP215;En tránsito;10325;35;06/07/2026;;18/08/2026;;11/09/2026;"
"netsuite;vonderk;2026-07-20 14:22;324272;OC_ME-225;9866;INBSHIP215;En tránsito;10340;35;06/07/2026;;18/08/2026;;11/09/2026;"
"netsuite;vonderk;2026-07-20 14:22;324272;OC_ME-225;9866;INBSHIP215;En tránsito;10319;60;06/07/2026;;18/08/2026;;11/09/2026;"
"netsuite;vonderk;2026-07-20 14:22;324272;OC_ME-225;9866;INBSHIP215;En tránsito;10342;108;06/07/2026;;18/08/2026;;11/09/2026;"
"netsuite;vonderk;2026-07-20 14:22;324272;OC_ME-225;9866;INBSHIP215;En tránsito;10346;48;06/07/2026;;18/08/2026;;11/09/2026;"
"netsuite;vonderk;2026-07-20 14:22;320547;OC_ME-222;9866;INBSHIP211;En tránsito;10205;1500;22/06/2026;;05/08/2026;;01/09/2026;"
"netsuite;vonderk;2026-07-20 14:22;320547;OC_ME-222;9866;INBSHIP211;En tránsito;9880;100;22/06/2026;;05/08/2026;;01/09/2026;"
"netsuite;vonderk;2026-07-20 14:22;320547;OC_ME-222;9866;INBSHIP211;En tránsito;9881;100;22/06/2026;;05/08/2026;;01/09/2026;"
"netsuite;vonderk;2026-07-20 14:22;312796;OC_ME-219;8444;INBSHIP210;Para enviar;9888;180;;;;;;"
"netsuite;vonderk;2026-07-20 14:22;312796;OC_ME-219;8444;INBSHIP210;Para enviar;10095;500;;;;;;"
"netsuite;vonderk;2026-07-20 14:22;312796;OC_ME-219;8444;INBSHIP210;Para enviar;10096;250;;;;;;"
"netsuite;vonderk;2026-07-20 14:22;312796;OC_ME-219;8444;INBSHIP210;Para enviar;10097;100;;;;;;"
"netsuite;vonderk;2026-07-20 14:22;312796;OC_ME-219;8444;INBSHIP210;Para enviar;10094;50;;;;;;"
"netsuite;vonderk;2026-07-20 14:22;312796;OC_ME-219;8444;INBSHIP210;Para enviar;9730;250;;;;;;"
"netsuite;vonderk;2026-07-20 14:22;312796;OC_ME-219;8444;INBSHIP210;Para enviar;8443;20;;;;;;"
"netsuite;vonderk;2026-07-20 14:22;312796;OC_ME-219;8444;INBSHIP210;Para enviar;9485;50;;;;;;"
"netsuite;vonderk;2026-07-20 14:22;312796;OC_ME-219;8444;INBSHIP210;Para enviar;10099;50;;;;;;"
"netsuite;vonderk;2026-07-20 14:22;312796;OC_ME-219;8444;INBSHIP210;Para enviar;8432;20;;;;;;"
"netsuite;vonderk;2026-07-20 14:22;312796;OC_ME-219;8444;INBSHIP210;Para enviar;8459;150;;;;;;"
"netsuite;vonderk;2026-07-20 14:22;312796;OC_ME-219;8444;INBSHIP210;Para enviar;8470;50;;;;;;"
"netsuite;vonderk;2026-07-20 14:22;312796;OC_ME-219;8444;INBSHIP210;Para enviar;9701;400;;;;;;"
"netsuite;vonderk;2026-07-20 14:22;312533;OC_ME-218;9866;INBSHIP209;En tránsito;9499;300;04/07/2026;;15/08/2026;;11/09/2026;"
"netsuite;vonderk;2026-07-20 14:22;312533;OC_ME-218;9866;INBSHIP209;En tránsito;9496;300;04/07/2026;;15/08/2026;;11/09/2026;"
"netsuite;vonderk;2026-07-20 14:22;312533;OC_ME-218;9866;INBSHIP209;En tránsito;9497;600;04/07/2026;;15/08/2026;;11/09/2026;"
"netsuite;vonderk;2026-07-20 14:22;312533;OC_ME-218;9866;INBSHIP209;En tránsito;12548;800;04/07/2026;;15/08/2026;;11/09/2026;"
"netsuite;vonderk;2026-07-20 14:22;312533;OC_ME-218;9866;INBSHIP209;En tránsito;9495;600;04/07/2026;;15/08/2026;;11/09/2026;"
"netsuite;vonderk;2026-07-20 14:22;312533;OC_ME-218;9866;INBSHIP209;En tránsito;9580;500;04/07/2026;;15/08/2026;;11/09/2026;"
"netsuite;vonderk;2026-07-20 14:22;312533;OC_ME-218;9866;INBSHIP209;En tránsito;9649;500;04/07/2026;;15/08/2026;;11/09/2026;"
"netsuite;vonderk;2026-07-20 14:22;312533;OC_ME-218;9866;INBSHIP209;En tránsito;9650;500;04/07/2026;;15/08/2026;;11/09/2026;"
"netsuite;vonderk;2026-07-20 14:22;312533;OC_ME-218;9866;INBSHIP209;En tránsito;12549;500;04/07/2026;;15/08/2026;;11/09/2026;"
"netsuite;vonderk;2026-07-20 14:22;312533;OC_ME-218;9866;INBSHIP209;En tránsito;9498;300;04/07/2026;;15/08/2026;;11/09/2026;"
"netsuite;vonderk;2026-07-20 14:22;304836;ME-215;9866;INBSHIP208;En tránsito;6750;1000;23/05/2026;;03/07/2026;;30/07/2026;"
"netsuite;vonderk;2026-07-20 14:22;304836;ME-215;9866;INBSHIP208;En tránsito;10569;100;23/05/2026;;03/07/2026;;30/07/2026;"
"netsuite;vonderk;2026-07-20 14:22;312496;OC_ME-217;9866;INBSHIP207;En tránsito;9771;288;04/07/2026;;12/08/2026;;08/09/2026;"
"netsuite;vonderk;2026-07-20 14:22;312496;OC_ME-217;9866;INBSHIP207;En tránsito;9990;450;04/07/2026;;12/08/2026;;08/09/2026;"
"netsuite;vonderk;2026-07-20 14:22;312496;OC_ME-217;9866;INBSHIP207;En tránsito;9772;288;04/07/2026;;12/08/2026;;08/09/2026;"
"netsuite;vonderk;2026-07-20 14:22;312496;OC_ME-217;9866;INBSHIP207;En tránsito;9778;1500;04/07/2026;;12/08/2026;;08/09/2026;"
"netsuite;vonderk;2026-07-20 14:22;312496;OC_ME-217;9866;INBSHIP207;En tránsito;9777;336;04/07/2026;;12/08/2026;;08/09/2026;"
"netsuite;vonderk;2026-07-20 14:22;312496;OC_ME-217;9866;INBSHIP207;En tránsito;9781;200;04/07/2026;;12/08/2026;;08/09/2026;"
"netsuite;vonderk;2026-07-20 14:22;312496;OC_ME-217;9866;INBSHIP207;En tránsito;9284;400;04/07/2026;;12/08/2026;;08/09/2026;"
"netsuite;vonderk;2026-07-20 14:22;312496;OC_ME-217;9866;INBSHIP207;En tránsito;12299;500;04/07/2026;;12/08/2026;;08/09/2026;"
"netsuite;vonderk;2026-07-20 14:22;312496;OC_ME-217;9866;INBSHIP207;En tránsito;9285;300;04/07/2026;;12/08/2026;;08/09/2026;"
"netsuite;vonderk;2026-07-20 14:22;312496;OC_ME-217;9866;INBSHIP207;En tránsito;9286;240;04/07/2026;;12/08/2026;;08/09/2026;"
"netsuite;vonderk;2026-07-20 14:22;312496;OC_ME-217;9866;INBSHIP207;En tránsito;9767;500;04/07/2026;;12/08/2026;;08/09/2026;"
"netsuite;vonderk;2026-07-20 14:22;312496;OC_ME-217;9866;INBSHIP207;En tránsito;9769;150;04/07/2026;;12/08/2026;;08/09/2026;"
"netsuite;vonderk;2026-07-20 14:22;304821;ME-214;9866;INBSHIP206;En tránsito;10361;1500;13/06/2026;;25/07/2026;;21/08/2026;"
"netsuite;vonderk;2026-07-20 14:22;304821;ME-214;9866;INBSHIP206;En tránsito;6868;400;13/06/2026;;25/07/2026;;21/08/2026;"
"netsuite;vonderk;2026-07-20 14:22;304821;ME-214;9866;INBSHIP206;En tránsito;10374;150;13/06/2026;;25/07/2026;;21/08/2026;"
"netsuite;vonderk;2026-07-20 14:22;304821;ME-214;9866;INBSHIP206;En tránsito;10392;60;13/06/2026;;25/07/2026;;21/08/2026;"
"netsuite;vonderk;2026-07-20 14:22;304821;ME-214;9866;INBSHIP206;En tránsito;8808;120;13/06/2026;;25/07/2026;;21/08/2026;"
"netsuite;vonderk;2026-07-20 14:22;304821;ME-214;9866;INBSHIP206;En tránsito;8999;350;13/06/2026;;25/07/2026;;21/08/2026;"
"netsuite;vonderk;2026-07-20 14:22;304821;ME-214;9866;INBSHIP206;En tránsito;8834;50;13/06/2026;;25/07/2026;;21/08/2026;"
"netsuite;vonderk;2026-07-20 14:22;304821;ME-214;9866;INBSHIP206;En tránsito;9850;120;13/06/2026;;25/07/2026;;21/08/2026;"
"netsuite;vonderk;2026-07-20 14:22;304821;ME-214;9866;INBSHIP206;En tránsito;11207;800;13/06/2026;;25/07/2026;;21/08/2026;"
"netsuite;vonderk;2026-07-20 14:22;304821;ME-214;9866;INBSHIP206;En tránsito;10262;50;13/06/2026;;25/07/2026;;21/08/2026;"
"netsuite;vonderk;2026-07-20 14:22;304821;ME-214;9866;INBSHIP206;En tránsito;9613;60;13/06/2026;;25/07/2026;;21/08/2026;"
"netsuite;vonderk;2026-07-20 14:22;304489;ME-212;9866;INBSHIP204;En tránsito;10107;900;24/05/2026;;12/07/2026;;08/08/2026;"
"netsuite;vonderk;2026-07-20 14:22;304489;ME-212;9866;INBSHIP204;En tránsito;10109;800;24/05/2026;;12/07/2026;;08/08/2026;"
"netsuite;vonderk;2026-07-20 14:22;304489;ME-212;9866;INBSHIP204;En tránsito;12317;1500;24/05/2026;;12/07/2026;;08/08/2026;"
"netsuite;vonderk;2026-07-20 14:22;304489;ME-212;9866;INBSHIP204;En tránsito;8876;1500;24/05/2026;;12/07/2026;;08/08/2026;"
"netsuite;vonderk;2026-07-20 14:22;304489;ME-212;9866;INBSHIP204;En tránsito;9798;10000;24/05/2026;;12/07/2026;;08/08/2026;"
"netsuite;vonderk;2026-07-20 14:22;304489;ME-212;9866;INBSHIP204;En tránsito;9797;10000;24/05/2026;;12/07/2026;;08/08/2026;"
"netsuite;vonderk;2026-07-20 14:22;304489;ME-212;9866;INBSHIP204;En tránsito;9795;22000;24/05/2026;;12/07/2026;;08/08/2026;"
"netsuite;vonderk;2026-07-20 14:22;304489;ME-212;9866;INBSHIP204;En tránsito;9796;22002;24/05/2026;;12/07/2026;;08/08/2026;"
"netsuite;vonderk;2026-07-20 14:22;304489;ME-212;9866;INBSHIP204;En tránsito;8815;22002;24/05/2026;;12/07/2026;;08/08/2026;"
"netsuite;vonderk;2026-07-20 14:22;304489;ME-212;9866;INBSHIP204;En tránsito;12018;900;24/05/2026;;12/07/2026;;08/08/2026;"
"netsuite;vonderk;2026-07-20 14:22;298498;ME-211;9866;INBSHIP201;En tránsito;9672;1300;30/05/2026;;24/07/2026;;20/08/2026;"
"netsuite;vonderk;2026-07-20 14:22;298498;ME-211;9866;INBSHIP201;En tránsito;9669;650;30/05/2026;;24/07/2026;;20/08/2026;"
"netsuite;vonderk;2026-07-20 14:22;298498;ME-211;9866;INBSHIP201;En tránsito;9674;1500;30/05/2026;;24/07/2026;;20/08/2026;"
"netsuite;vonderk;2026-07-20 14:22;298498;ME-211;9866;INBSHIP201;En tránsito;11112;504;30/05/2026;;24/07/2026;;20/08/2026;"
"netsuite;vonderk;2026-07-20 14:22;298498;ME-211;9866;INBSHIP201;En tránsito;11111;500;30/05/2026;;24/07/2026;;20/08/2026;"
"netsuite;vonderk;2026-07-20 14:22;298498;ME-211;9866;INBSHIP201;En tránsito;9291;500;30/05/2026;;24/07/2026;;20/08/2026;"
"netsuite;vonderk;2026-07-20 14:22;298498;ME-211;9866;INBSHIP201;En tránsito;10146;500;30/05/2026;;24/07/2026;;20/08/2026;"
"netsuite;vonderk;2026-07-20 14:22;298498;ME-211;9866;INBSHIP201;En tránsito;10145;1500;30/05/2026;;24/07/2026;;20/08/2026;"
"netsuite;vonderk;2026-07-20 14:22;298498;ME-211;9866;INBSHIP201;En tránsito;9670;1500;30/05/2026;;24/07/2026;;20/08/2026;"
"netsuite;vonderk;2026-07-20 14:22;298477;ME-210;9866;INBSHIP200;En tránsito;10260;4500;26/05/2026;;11/07/2026;;08/08/2026;"
"netsuite;vonderk;2026-07-20 14:22;298477;ME-210;9866;INBSHIP200;En tránsito;10144;184;26/05/2026;;11/07/2026;;08/08/2026;"
"netsuite;vonderk;2026-07-20 14:22;298477;ME-210;9866;INBSHIP200;En tránsito;9616;512;26/05/2026;;11/07/2026;;08/08/2026;"
"netsuite;vonderk;2026-07-20 14:22;298477;ME-210;9866;INBSHIP200;En tránsito;11920;312;26/05/2026;;11/07/2026;;08/08/2026;"
"netsuite;vonderk;2026-07-20 14:22;298477;ME-210;9866;INBSHIP200;En tránsito;11110;1512;26/05/2026;;11/07/2026;;08/08/2026;"
"netsuite;vonderk;2026-07-20 14:22;298477;ME-210;9866;INBSHIP200;En tránsito;10412;1000;26/05/2026;;11/07/2026;;08/08/2026;"
"netsuite;vonderk;2026-07-20 14:22;295630;ME-208;9866;INBSHIP199;En tránsito;9879;300;30/05/2026;;18/07/2026;;14/08/2026;"
"netsuite;vonderk;2026-07-20 14:22;295630;ME-208;9866;INBSHIP199;En tránsito;9880;350;30/05/2026;;18/07/2026;;14/08/2026;"
"netsuite;vonderk;2026-07-20 14:22;295630;ME-208;9866;INBSHIP199;En tránsito;10204;4500;30/05/2026;;18/07/2026;;14/08/2026;"
"netsuite;vonderk;2026-07-20 14:22;295630;ME-208;9866;INBSHIP199;En tránsito;10205;1700;30/05/2026;;18/07/2026;;14/08/2026;"
"netsuite;vonderk;2026-07-20 14:22;295630;ME-208;9866;INBSHIP199;En tránsito;10207;400;30/05/2026;;18/07/2026;;14/08/2026;"
"netsuite;vonderk;2026-07-20 14:22;295630;ME-208;9866;INBSHIP199;En tránsito;10208;650;30/05/2026;;18/07/2026;;14/08/2026;"
"netsuite;vonderk;2026-07-20 14:22;295630;ME-208;9866;INBSHIP199;En tránsito;10217;1000;30/05/2026;;18/07/2026;;14/08/2026;"
"netsuite;vonderk;2026-07-20 14:22;295630;ME-208;9866;INBSHIP199;En tránsito;10364;1200;30/05/2026;;18/07/2026;;14/08/2026;"
"netsuite;vonderk;2026-07-20 14:22;295630;ME-208;9866;INBSHIP199;En tránsito;10405;400;30/05/2026;;18/07/2026;;14/08/2026;"
"netsuite;vonderk;2026-07-20 14:22;295630;ME-208;9866;INBSHIP199;En tránsito;10402;90;30/05/2026;;18/07/2026;;14/08/2026;"
"netsuite;vonderk;2026-07-20 14:22;295630;ME-208;9866;INBSHIP199;En tránsito;10406;2500;30/05/2026;;18/07/2026;;14/08/2026;"
"netsuite;vonderk;2026-07-20 14:22;295630;ME-208;9866;INBSHIP199;En tránsito;10407;3500;30/05/2026;;18/07/2026;;14/08/2026;"
"netsuite;vonderk;2026-07-20 14:22;295630;ME-208;9866;INBSHIP199;En tránsito;10421;450;30/05/2026;;18/07/2026;;14/08/2026;"
"netsuite;vonderk;2026-07-20 14:22;295630;ME-208;9866;INBSHIP199;En tránsito;9565;200;30/05/2026;;18/07/2026;;14/08/2026;"
"netsuite;vonderk;2026-07-20 14:22;295630;ME-208;9866;INBSHIP199;En tránsito;9869;40;30/05/2026;;18/07/2026;;14/08/2026;"
"netsuite;vonderk;2026-07-20 14:22;294353;ME-206;9866;INBSHIP197;En tránsito;9774;216;18/05/2026;;27/06/2026;;25/07/2026;"
"netsuite;vonderk;2026-07-20 14:22;294353;ME-206;9866;INBSHIP197;En tránsito;9771;360;18/05/2026;;27/06/2026;;25/07/2026;"
"netsuite;vonderk;2026-07-20 14:22;294353;ME-206;9866;INBSHIP197;En tránsito;9770;300;18/05/2026;;27/06/2026;;25/07/2026;"
"netsuite;vonderk;2026-07-20 14:22;294353;ME-206;9866;INBSHIP197;En tránsito;9765;800;18/05/2026;;27/06/2026;;25/07/2026;"
"netsuite;vonderk;2026-07-20 14:22;294353;ME-206;9866;INBSHIP197;En tránsito;9286;320;18/05/2026;;27/06/2026;;25/07/2026;"
"netsuite;vonderk;2026-07-20 14:22;294353;ME-206;9866;INBSHIP197;En tránsito;9285;300;18/05/2026;;27/06/2026;;25/07/2026;"
"netsuite;vonderk;2026-07-20 14:22;294353;ME-206;9866;INBSHIP197;En tránsito;12299;300;18/05/2026;;27/06/2026;;25/07/2026;"
"netsuite;vonderk;2026-07-20 14:22;294353;ME-206;9866;INBSHIP197;En tránsito;9781;300;18/05/2026;;27/06/2026;;25/07/2026;"
"netsuite;vonderk;2026-07-20 14:22;294353;ME-206;9866;INBSHIP197;En tránsito;9287;320;18/05/2026;;27/06/2026;;25/07/2026;"
"netsuite;vonderk;2026-07-20 14:22;293848;ME-205;9866;INBSHIP196;En tránsito;12537;40;30/05/2026;;10/06/2026;;06/08/2026;"
"netsuite;vonderk;2026-07-20 14:22;293848;ME-205;9866;INBSHIP196;En tránsito;12532;150;30/05/2026;;10/06/2026;;06/08/2026;"
"netsuite;vonderk;2026-07-20 14:22;293848;ME-205;9866;INBSHIP196;En tránsito;12536;150;30/05/2026;;10/06/2026;;06/08/2026;"
"netsuite;vonderk;2026-07-20 14:22;293848;ME-205;9866;INBSHIP196;En tránsito;12570;100;30/05/2026;;10/06/2026;;06/08/2026;"
"netsuite;vonderk;2026-07-20 14:22;293848;ME-205;9866;INBSHIP196;En tránsito;12569;100;30/05/2026;;10/06/2026;;06/08/2026;"
"netsuite;vonderk;2026-07-20 14:22;293848;ME-205;9866;INBSHIP196;En tránsito;12571;100;30/05/2026;;10/06/2026;;06/08/2026;"
"netsuite;vonderk;2026-07-20 14:22;293848;ME-205;9866;INBSHIP196;En tránsito;12534;100;30/05/2026;;10/06/2026;;06/08/2026;"
"netsuite;vonderk;2026-07-20 14:22;293848;ME-205;9866;INBSHIP196;En tránsito;11960;200;30/05/2026;;10/06/2026;;06/08/2026;"
"netsuite;vonderk;2026-07-20 14:22;293848;ME-205;9866;INBSHIP196;En tránsito;11954;48;30/05/2026;;10/06/2026;;06/08/2026;"
"netsuite;vonderk;2026-07-20 14:22;293848;ME-205;9866;INBSHIP196;En tránsito;12531;20;30/05/2026;;10/06/2026;;06/08/2026;"
"netsuite;vonderk;2026-07-20 14:22;293848;ME-205;9866;INBSHIP196;En tránsito;12530;50;30/05/2026;;10/06/2026;;06/08/2026;"
"netsuite;vonderk;2026-07-20 14:22;293848;ME-205;9866;INBSHIP196;En tránsito;11943;400;30/05/2026;;10/06/2026;;06/08/2026;"
"netsuite;vonderk;2026-07-20 14:22;293848;ME-205;9866;INBSHIP196;En tránsito;12533;50;30/05/2026;;10/06/2026;;06/08/2026;"
"netsuite;vonderk;2026-07-20 14:22;293848;ME-205;9866;INBSHIP196;En tránsito;12538;10;30/05/2026;;10/06/2026;;06/08/2026;"
"netsuite;vonderk;2026-07-20 14:22;293848;ME-205;9866;INBSHIP196;En tránsito;10020;300;30/05/2026;;10/06/2026;;06/08/2026;"
"netsuite;vonderk;2026-07-20 14:22;293848;ME-205;9866;INBSHIP196;En tránsito;11906;300;30/05/2026;;10/06/2026;;06/08/2026;"
"netsuite;vonderk;2026-07-20 14:22;287443;ME-201;9866;INBSHIP192;En tránsito;12090;30;30/05/2026;;10/07/2026;;06/08/2026;"
"netsuite;vonderk;2026-07-20 14:22;287443;ME-201;9866;INBSHIP192;En tránsito;9936;90;30/05/2026;;10/07/2026;;06/08/2026;"
"netsuite;vonderk;2026-07-20 14:22;287443;ME-201;9866;INBSHIP192;En tránsito;4400;150;30/05/2026;;10/07/2026;;06/08/2026;"
"netsuite;vonderk;2026-07-20 14:22;287443;ME-201;9866;INBSHIP192;En tránsito;10383;150;30/05/2026;;10/07/2026;;06/08/2026;"
"netsuite;vonderk;2026-07-20 14:22;287443;ME-201;9866;INBSHIP192;En tránsito;9955;300;30/05/2026;;10/07/2026;;06/08/2026;"
"netsuite;vonderk;2026-07-20 14:22;287443;ME-201;9866;INBSHIP192;En tránsito;9952;300;30/05/2026;;10/07/2026;;06/08/2026;"
"netsuite;vonderk;2026-07-20 14:22;287443;ME-201;9866;INBSHIP192;En tránsito;12483;150;30/05/2026;;10/07/2026;;06/08/2026;"
"netsuite;vonderk;2026-07-20 14:22;287443;ME-201;9866;INBSHIP192;En tránsito;12368;150;30/05/2026;;10/07/2026;;06/08/2026;"
"netsuite;vonderk;2026-07-20 14:22;287443;ME-201;9866;INBSHIP192;En tránsito;10063;450;30/05/2026;;10/07/2026;;06/08/2026;"
"netsuite;vonderk;2026-07-20 14:22;287443;ME-201;9866;INBSHIP192;En tránsito;10056;500;30/05/2026;;10/07/2026;;06/08/2026;"
"netsuite;vonderk;2026-07-20 14:22;287443;ME-201;9866;INBSHIP192;En tránsito;10054;250;30/05/2026;;10/07/2026;;06/08/2026;"
"netsuite;vonderk;2026-07-20 14:22;287443;ME-201;9866;INBSHIP192;En tránsito;10055;300;30/05/2026;;10/07/2026;;06/08/2026;"
"netsuite;vonderk;2026-07-20 14:22;287443;ME-201;9866;INBSHIP192;En tránsito;10027;120;30/05/2026;;10/07/2026;;06/08/2026;"
"netsuite;vonderk;2026-07-20 14:22;287443;ME-201;9866;INBSHIP192;En tránsito;10000;150;30/05/2026;;10/07/2026;;06/08/2026;"
"netsuite;vonderk;2026-07-20 14:22;287443;ME-201;9866;INBSHIP192;En tránsito;10008;450;30/05/2026;;10/07/2026;;06/08/2026;"
"netsuite;vonderk;2026-07-20 14:22;287443;ME-201;9866;INBSHIP192;En tránsito;10012;360;30/05/2026;;10/07/2026;;06/08/2026;"
"netsuite;vonderk;2026-07-20 14:22;287443;ME-201;9866;INBSHIP192;En tránsito;6759;1000;30/05/2026;;10/07/2026;;06/08/2026;"
"netsuite;vonderk;2026-07-20 14:22;287443;ME-201;9866;INBSHIP192;En tránsito;9690;300;30/05/2026;;10/07/2026;;06/08/2026;"
"netsuite;vonderk;2026-07-20 14:22;287443;ME-201;9866;INBSHIP192;En tránsito;12259;100;30/05/2026;;10/07/2026;;06/08/2026;"
"netsuite;vonderk;2026-07-20 14:22;287443;ME-201;9866;INBSHIP192;En tránsito;12346;100;30/05/2026;;10/07/2026;;06/08/2026;"
"netsuite;vonderk;2026-07-20 14:22;287443;ME-201;9866;INBSHIP192;En tránsito;10065;90;30/05/2026;;10/07/2026;;06/08/2026;"
"netsuite;vonderk;2026-07-20 14:22;287443;ME-201;9866;INBSHIP192;En tránsito;9973;120;30/05/2026;;10/07/2026;;06/08/2026;"
"netsuite;vonderk;2026-07-20 14:22;287443;ME-201;9866;INBSHIP192;En tránsito;10077;500;30/05/2026;;10/07/2026;;06/08/2026;"
"netsuite;vonderk;2026-07-20 14:22;287443;ME-201;9866;INBSHIP192;En tránsito;10078;250;30/05/2026;;10/07/2026;;06/08/2026;"
"netsuite;vonderk;2026-07-20 14:22;287443;ME-201;9866;INBSHIP192;En tránsito;10076;350;30/05/2026;;10/07/2026;;06/08/2026;"
"netsuite;vonderk;2026-07-20 14:22;287443;ME-201;9866;INBSHIP192;En tránsito;9947;150;30/05/2026;;10/07/2026;;06/08/2026;"
"netsuite;vonderk;2026-07-20 14:22;267147;ME-180;9866;INBSHIP182;En tránsito;8544;230;28/05/2026;;19/06/2026;;15/08/2026;"
"netsuite;vonderk;2026-07-20 14:22;267147;ME-180;9866;INBSHIP182;En tránsito;8538;230;28/05/2026;;19/06/2026;;15/08/2026;"
"netsuite;vonderk;2026-07-20 14:22;267147;ME-180;9866;INBSHIP182;En tránsito;8534;220;28/05/2026;;19/06/2026;;15/08/2026;"
"netsuite;vonderk;2026-07-20 14:22;267147;ME-180;9866;INBSHIP182;En tránsito;8532;100;28/05/2026;;19/06/2026;;15/08/2026;"
"netsuite;vonderk;2026-07-20 14:22;269641;ME-182;9866;INBSHIP178;Para enviar;12430;50;;;;;;"
"netsuite;vonderk;2026-07-20 14:22;269641;ME-182;9866;INBSHIP178;Para enviar;12435;20;;;;;;"
"netsuite;vonderk;2026-07-20 14:22;269641;ME-182;9866;INBSHIP178;Para enviar;12431;40;;;;;;"
"netsuite;vonderk;2026-07-20 14:22;269641;ME-182;9866;INBSHIP178;Para enviar;12432;40;;;;;;"
"netsuite;vonderk;2026-07-20 14:22;269641;ME-182;9866;INBSHIP178;Para enviar;12433;40;;;;;;"
"netsuite;vonderk;2026-07-20 14:22;269641;ME-182;9866;INBSHIP178;Para enviar;12434;30;;;;;;"
"netsuite;vonderk;2026-07-20 14:22;269641;ME-182;9866;INBSHIP178;Para enviar;12429;40;;;;;;"
