"source_system;client_id;snapshot_ts;order_internal_id;document_number;transaction_date;expected_ship_date;customer_id;item_internal_id;location;subsidiary_id;quantity_ordered;quantity_committed;quantity_fulfilled;quantity_pending;line_net_amount;unit_price_net;estimated_unit_cost;estimated_margin"
"netsuite;vonderk;2026-07-20 14:22;362233;OV_ME-18382;2026-07-17;2026-07-17;3671;6759;4;3;16;16;0;16;332009.60;20750.60;120796.00;211213.60"
"netsuite;vonderk;2026-07-20 14:22;362443;OV_ME-18389;2026-07-17;2026-07-17;3671;11905;4;3;9;9;0;9;121095.00;13455.00;10719.15;110375.85"
"netsuite;vonderk;2026-07-20 14:22;362443;OV_ME-18389;2026-07-17;2026-07-17;3671;11918;4;3;22;22;0;22;49335.00;2242.50;20571.20;28763.80"
"netsuite;vonderk;2026-07-20 14:22;360793;OV_ME-18302;2026-07-16;2026-07-20;3652;9854;4;3;6;6;0;6;302737.50;50456.25;114801.05;187936.45"
"netsuite;vonderk;2026-07-20 14:22;359321;OV_ME-18222;2026-07-15;2026-07-15;14008;10280;4;3;100;100;0;100;5740800.00;57408.00;14398957.95;-8658157.95"
"netsuite;vonderk;2026-07-20 14:22;338353;OV_ME-16921;2026-06-23;2026-06-23;3658;10062;4;3;20;1;0;20;901320.00;45066.00;321367.20;579952.80"
"netsuite;vonderk;2026-07-20 14:22;320393;OV_ME-15783;2026-06-03;2026-06-03;3720;10374;4;3;50;41;0;50;1243375.00;24867.50;450007.50;793367.50"
"netsuite;vonderk;2026-07-20 14:22;310007;OV_ME-15158;2026-05-26;2026-05-26;3868;10263;4;3;24;24;0;24;447837.60;18659.90;180594.16;267243.44"
"netsuite;vonderk;2026-07-20 14:22;298632;ME-14334;2026-05-13;2026-05-13;3658;10062;4;3;6;6;0;6;256693.50;42782.25;110433.00;146260.50"
"netsuite;vonderk;2026-07-20 14:22;362694;OV_ME-18436;2026-07-20;2026-07-22;4047;9841;4;3;1;1;0;1;29570.00;29570.00;13838.76;15731.24"
"netsuite;vonderk;2026-07-20 14:22;362700;OV_ME-18437;2026-07-20;2026-07-22;13998;10416;4;3;4;4;0;4;88710.00;22177.50;27914.08;60795.92"
"netsuite;vonderk;2026-07-20 14:22;362700;OV_ME-18437;2026-07-20;2026-07-22;13998;10418;4;3;4;4;0;4;88710.00;22177.50;32260.87;56449.13"
"netsuite;vonderk;2026-07-20 14:22;362700;OV_ME-18437;2026-07-20;2026-07-22;13998;9228;4;3;10;10;0;10;59140.00;5914.00;42876.50;16263.50"
"netsuite;vonderk;2026-07-20 14:22;362700;OV_ME-18437;2026-07-20;2026-07-22;13998;9229;4;3;2;2;0;2;16263.50;8131.75;12715.10;3548.40"
"netsuite;vonderk;2026-07-20 14:22;362700;OV_ME-18437;2026-07-20;2026-07-22;13998;9230;4;3;2;2;0;2;17268.88;8634.44;13173.44;4095.44"
"netsuite;vonderk;2026-07-20 14:22;362737;OV_ME-18441;2026-07-20;2026-07-20;3851;10151;4;3;4;4;0;4;447098.40;111774.60;184575.94;262522.46"
"netsuite;vonderk;2026-07-20 14:22;362737;OV_ME-18441;2026-07-20;2026-07-20;3851;9492;4;3;7;7;0;7;1304037.00;186291.00;478043.41;825993.59"
"netsuite;vonderk;2026-07-20 14:22;362737;OV_ME-18441;2026-07-20;2026-07-20;3851;9977;4;3;3;3;0;3;235968.60;78656.20;46868.45;189100.15"
"netsuite;vonderk;2026-07-20 14:22;362737;OV_ME-18441;2026-07-20;2026-07-20;3851;10063;4;3;22;22;0;22;990447.15;45020.325;480778.63;509668.52"
"netsuite;vonderk;2026-07-20 14:22;362737;OV_ME-18441;2026-07-20;2026-07-20;3851;10012;4;3;6;6;0;6;319799.55;53299.925;122109.32;197690.23"
"netsuite;vonderk;2026-07-20 14:22;362737;OV_ME-18441;2026-07-20;2026-07-20;3851;10019;4;3;6;6;0;6;248388.00;41398.00;90824.26;157563.74"
"netsuite;vonderk;2026-07-20 14:22;362737;OV_ME-18441;2026-07-20;2026-07-20;3851;9994;4;3;6;6;0;6;136613.40;22768.90;46321.41;90291.99"
"netsuite;vonderk;2026-07-20 14:22;362737;OV_ME-18441;2026-07-20;2026-07-20;3851;10083;4;3;6;6;0;6;281033.28;46838.88;106821.63;174211.65"
"netsuite;vonderk;2026-07-20 14:22;362795;OV_ME-18442;2026-07-20;2026-07-22;3767;10413;4;3;10;10;0;10;314700.00;31470.00;111570.00;203130.00"
"netsuite;vonderk;2026-07-20 14:22;362795;OV_ME-18442;2026-07-20;2026-07-22;3767;10060;4;3;2;2;0;2;57450.00;28725.00;21555.00;35895.00"
"netsuite;vonderk;2026-07-20 14:22;362795;OV_ME-18442;2026-07-20;2026-07-22;3767;10075;4;3;1;1;0;1;55650.00;55650.00;24285.00;31365.00"
"netsuite;vonderk;2026-07-20 14:22;362795;OV_ME-18442;2026-07-20;2026-07-22;3767;9993;4;3;3;3;0;3;69300.00;23100.00;24075.00;45225.00"
"netsuite;vonderk;2026-07-20 14:22;362795;OV_ME-18442;2026-07-20;2026-07-22;3767;10001;4;3;1;1;0;1;45075.00;45075.00;18360.00;26715.00"
"netsuite;vonderk;2026-07-20 14:22;362795;OV_ME-18442;2026-07-20;2026-07-22;3767;10057;4;3;6;6;0;6;267480.00;44580.00;98940.00;168540.00"
"netsuite;vonderk;2026-07-20 14:22;362795;OV_ME-18442;2026-07-20;2026-07-22;3767;9951;4;3;2;2;0;2;102510.00;51255.00;35085.00;67425.00"
"netsuite;vonderk;2026-07-20 14:22;362795;OV_ME-18442;2026-07-20;2026-07-22;3767;9935;4;3;1;1;0;1;52500.00;52500.00;25500.00;27000.00"
"netsuite;vonderk;2026-07-20 14:22;362795;OV_ME-18442;2026-07-20;2026-07-22;3767;12012;4;3;20;20;0;20;441000.00;22050.00;144360.00;296640.00"
"netsuite;vonderk;2026-07-20 14:22;362797;OV_ME-18443;2026-07-20;2026-07-20;3766;6786;4;3;15;15;0;15;586350.00;39090.00;185190.00;401160.00"
"netsuite;vonderk;2026-07-20 14:22;362904;OV_ME-18444;2026-07-20;2026-07-22;3758;10095;4;3;1;1;0;1;213570.00;213570.00;64770.00;148800.00"
"netsuite;vonderk;2026-07-20 14:22;362904;OV_ME-18444;2026-07-20;2026-07-22;3758;10096;4;3;1;1;0;1;213570.00;213570.00;64815.00;148755.00"
"netsuite;vonderk;2026-07-20 14:22;362908;OV_ME-18445;2026-07-20;2026-07-20;3856;11918;4;3;61;61;0;61;155550.00;2550.00;57015.00;98535.00"
"netsuite;vonderk;2026-07-20 14:22;362908;OV_ME-18445;2026-07-20;2026-07-20;3856;11905;4;3;35;35;0;35;535500.00;15300.00;41700.00;493800.00"
"netsuite;vonderk;2026-07-20 14:22;362908;OV_ME-18445;2026-07-20;2026-07-20;3856;11902;4;3;3;3;0;3;22950.00;7650.00;2010.00;20940.00"
"netsuite;vonderk;2026-07-20 14:22;362908;OV_ME-18445;2026-07-20;2026-07-20;3856;11907;4;3;26;26;0;26;41340.00;1590.00;9555.00;31785.00"
"netsuite;vonderk;2026-07-20 14:22;362942;OV_ME-18447;2026-07-20;2026-07-20;3870;10191;4;3;1;1;0;1;14985.00;14985.00;3945.00;11040.00"
"netsuite;vonderk;2026-07-20 14:22;362942;OV_ME-18447;2026-07-20;2026-07-20;3870;10400;4;3;2;2;0;2;47190.00;23595.00;15315.00;31875.00"
"netsuite;vonderk;2026-07-20 14:22;362945;OV_ME-18448;2026-07-20;2026-07-20;3777;9854;4;3;4;4;0;4;202500.00;50625.00;76530.00;125970.00"
"netsuite;vonderk;2026-07-20 14:22;363065;OV_ME-18450;2026-07-20;2026-07-20;3878;12331;4;3;1;1;0;1;8145.00;8145.00;5295.00;2850.00"
"netsuite;vonderk;2026-07-20 14:22;363071;OV_ME-18451;2026-07-20;2026-07-20;3856;10296;4;3;6;6;0;6;1661580.00;276930.00;2596965.00;-935385.00"
"netsuite;vonderk;2026-07-20 14:22;363079;OV_ME-18452;2026-07-20;2026-07-22;3750;10366;4;3;10;10;0;10;325500.00;32550.00;133830.00;191670.00"
"netsuite;vonderk;2026-07-20 14:22;363079;OV_ME-18452;2026-07-20;2026-07-22;3750;10389;4;3;14;14;0;14;404250.00;28875.00;152430.00;251820.00"
"netsuite;vonderk;2026-07-20 14:22;363079;OV_ME-18452;2026-07-20;2026-07-22;3750;10009;4;3;3;3;0;3;73260.00;24420.00;28650.00;44610.00"
"netsuite;vonderk;2026-07-20 14:22;363079;OV_ME-18452;2026-07-20;2026-07-22;3750;10054;4;3;4;4;0;4;150600.00;37650.00;63570.00;87030.00"
"netsuite;vonderk;2026-07-20 14:22;363082;OV_ME-18453;2026-07-20;2026-07-20;4153;10369;4;3;29;29;0;29;1918785.00;66165.00;683430.00;1235355.00"
"netsuite;vonderk;2026-07-20 14:22;363107;OV_ME-18454;2026-07-20;2026-07-22;3707;9722;4;3;100;100;0;100;972000.00;9720.00;414465.00;557535.00"
"netsuite;vonderk;2026-07-20 14:22;363335;OV_ME-18455;2026-07-20;2026-07-20;3707;9541;4;3;5;5;0;5;27600.00;5520.00;8355.00;19245.00"
"netsuite;vonderk;2026-07-20 14:22;363335;OV_ME-18455;2026-07-20;2026-07-20;3707;9777;4;3;17;17;0;17;192015.00;11295.00;67605.00;124410.00"
"netsuite;vonderk;2026-07-20 14:22;363335;OV_ME-18455;2026-07-20;2026-07-20;3707;9950;4;3;1;1;0;1;34125.00;34125.00;11790.00;22335.00"
"netsuite;vonderk;2026-07-20 14:22;363335;OV_ME-18455;2026-07-20;2026-07-20;3707;12543;4;3;6;6;0;6;219870.00;36645.00;87030.00;132840.00"
"netsuite;vonderk;2026-07-20 14:22;363345;OV_ME-18457;2026-07-20;2026-07-22;4075;9959;4;3;16;16;0;16;394800.00;24675.00;149145.00;245655.00"
"netsuite;vonderk;2026-07-20 14:22;363345;OV_ME-18457;2026-07-20;2026-07-22;4075;9960;4;3;15;15;0;15;551250.00;36750.00;200820.00;350430.00"
"netsuite;vonderk;2026-07-20 14:22;363345;OV_ME-18457;2026-07-20;2026-07-22;4075;9957;4;3;4;4;0;4;33600.00;8400.00;12030.00;21570.00"
"netsuite;vonderk;2026-07-20 14:22;363497;OV_ME-18460;2026-07-20;2026-07-22;3710;10407;4;3;20;20;0;20;222900.00;11145.00;91635.00;131265.00"
"netsuite;vonderk;2026-07-20 14:22;363497;OV_ME-18460;2026-07-20;2026-07-22;3710;9721;4;3;20;20;0;20;208200.00;10410.00;86040.00;122160.00"
"netsuite;vonderk;2026-07-20 14:22;363498;OV_ME-18461;2026-07-20;2026-07-23;3787;6786;4;3;12;12;0;12;386280.00;32190.00;148335.00;237945.00"
"netsuite;vonderk;2026-07-20 14:22;363498;OV_ME-18461;2026-07-20;2026-07-23;3787;9780;4;3;30;30;0;30;197100.00;6570.00;101685.00;95415.00"
"netsuite;vonderk;2026-07-20 14:22;363520;OV_ME-18464;2026-07-20;2026-07-20;13893;10276;4;3;2;2;0;2;153660.00;76830.00;62895.00;90765.00"
"netsuite;vonderk;2026-07-20 14:22;363520;OV_ME-18464;2026-07-20;2026-07-20;13893;11098;4;3;2;2;0;2;183750.00;91875.00;57885.00;125865.00"
"netsuite;vonderk;2026-07-20 14:22;363520;OV_ME-18464;2026-07-20;2026-07-20;13893;9841;4;3;6;6;0;6;157500.00;26250.00;83010.00;74490.00"
"netsuite;vonderk;2026-07-20 14:22;363534;OV_ME-18467;2026-07-20;2026-07-20;3807;9731;4;3;1;1;0;1;130800.00;130800.00;67950.00;62850.00"
"netsuite;vonderk;2026-07-20 14:22;363645;OV_ME-18470;2026-07-20;2026-07-20;13609;10191;4;3;5;5;0;5;61725.00;12345.00;20085.00;41640.00"
"netsuite;vonderk;2026-07-20 14:22;363654;OV_ME-18471;2026-07-20;2026-07-20;13828;12324;4;3;1;1;0;1;44625.00;44625.00;14025.00;30600.00"
"netsuite;vonderk;2026-07-20 14:22;363661;OV_ME-18472;2026-07-20;2026-07-20;3781;9489;4;3;1;1;0;1;276000.00;276000.00;84855.00;191145.00"
"netsuite;vonderk;2026-07-20 14:22;363662;OV_ME-18473;2026-07-20;2026-07-20;3878;10213;4;3;5;5;0;5;21525.00;4305.00;11025.00;10500.00"
"netsuite;vonderk;2026-07-20 14:22;363662;OV_ME-18473;2026-07-20;2026-07-20;3878;9652;4;3;1;1;0;1;60900.00;60900.00;26820.00;34080.00"
"netsuite;vonderk;2026-07-20 14:22;363662;OV_ME-18473;2026-07-20;2026-07-20;3878;11825;4;3;15;15;0;15;49725.00;3315.00;24345.00;25380.00"
"netsuite;vonderk;2026-07-20 14:22;363667;OV_ME-18474;2026-07-20;2026-07-20;3864;10411;4;3;1;1;0;1;38205.00;38205.00;11790.00;26415.00"
"netsuite;vonderk;2026-07-20 14:22;363667;OV_ME-18474;2026-07-20;2026-07-20;3864;10141;4;3;19;19;0;19;2125245.00;111855.00;654975.00;1470270.00"
"netsuite;vonderk;2026-07-20 14:22;363779;OV_ME-18475;2026-07-20;2026-07-20;13609;10047;4;3;3;3;0;3;145620.00;48540.00;54795.00;90825.00"
"netsuite;vonderk;2026-07-20 14:22;363779;OV_ME-18475;2026-07-20;2026-07-20;13609;9993;4;3;1;1;0;1;23100.00;23100.00;8025.00;15075.00"
"netsuite;vonderk;2026-07-20 14:22;363779;OV_ME-18475;2026-07-20;2026-07-20;13609;10322;4;3;2;2;0;2;191520.00;95760.00;67440.00;124080.00"
"netsuite;vonderk;2026-07-20 14:22;363779;OV_ME-18475;2026-07-20;2026-07-20;13609;9402;4;3;2;2;0;2;35700.00;17850.00;16950.00;18750.00"
"netsuite;vonderk;2026-07-20 14:22;363779;OV_ME-18475;2026-07-20;2026-07-20;13609;9728;4;3;3;3;0;3;223650.00;74550.00;113910.00;109740.00"
"netsuite;vonderk;2026-07-20 14:22;363779;OV_ME-18475;2026-07-20;2026-07-20;13609;9729;4;3;3;3;0;3;330750.00;110250.00;118290.00;212460.00"
"netsuite;vonderk;2026-07-20 14:22;363779;OV_ME-18475;2026-07-20;2026-07-20;13609;9889;4;3;2;2;0;2;273000.00;136500.00;114750.00;158250.00"
"netsuite;vonderk;2026-07-20 14:22;363779;OV_ME-18475;2026-07-20;2026-07-20;13609;9494;4;3;1;1;0;1;408975.00;408975.00;161115.00;247860.00"
"netsuite;vonderk;2026-07-20 14:22;363779;OV_ME-18475;2026-07-20;2026-07-20;13609;12259;4;3;5;5;0;5;164700.00;32940.00;53580.00;111120.00"
"netsuite;vonderk;2026-07-20 14:22;363784;OV_ME-18476;2026-07-20;2026-07-23;3712;10089;4;3;1;1;0;1;354375.00;354375.00;145065.00;209310.00"
"netsuite;vonderk;2026-07-20 14:22;363792;OV_ME-18478;2026-07-20;2026-07-24;4075;9797;4;3;5;5;0;5;600.00;120.00;540.00;60.00"
"netsuite;vonderk;2026-07-20 14:22;363792;OV_ME-18478;2026-07-20;2026-07-24;4075;9798;4;3;5;5;0;5;600.00;120.00;195.00;405.00"
"netsuite;vonderk;2026-07-20 14:22;363792;OV_ME-18478;2026-07-20;2026-07-24;4075;9795;4;3;5;5;0;5;1275.00;255.00;1140.00;135.00"
"netsuite;vonderk;2026-07-20 14:22;363792;OV_ME-18478;2026-07-20;2026-07-24;4075;11120;4;3;7;7;0;7;1260.00;180.00;855.00;405.00"
"netsuite;vonderk;2026-07-20 14:22;363792;OV_ME-18478;2026-07-20;2026-07-24;4075;11119;4;3;7;7;0;7;1260.00;180.00;795.00;465.00"
"netsuite;vonderk;2026-07-20 14:22;363793;OV_ME-18479;2026-07-20;2026-07-20;3829;10421;4;3;8;8;0;8;295800.00;36975.00;114030.00;181770.00"
"netsuite;vonderk;2026-07-20 14:22;363793;OV_ME-18479;2026-07-20;2026-07-20;3829;10205;4;3;6;6;0;6;33660.00;5610.00;12570.00;21090.00"
"netsuite;vonderk;2026-07-20 14:22;363793;OV_ME-18479;2026-07-20;2026-07-20;3829;10417;4;3;4;4;0;4;95640.00;23910.00;28110.00;67530.00"
"netsuite;vonderk;2026-07-20 14:22;363793;OV_ME-18479;2026-07-20;2026-07-20;3829;10418;4;3;4;4;0;4;95640.00;23910.00;32250.00;63390.00"
"netsuite;vonderk;2026-07-20 14:22;363793;OV_ME-18479;2026-07-20;2026-07-20;3829;9291;4;3;5;5;0;5;99750.00;19950.00;54450.00;45300.00"
"netsuite;vonderk;2026-07-20 14:22;363794;OV_ME-18480;2026-07-20;2026-07-20;3726;11084;4;3;47;47;0;47;2474550.00;52650.00;1085550.00;1389000.00"
"netsuite;vonderk;2026-07-20 14:22;363794;OV_ME-18480;2026-07-20;2026-07-20;3726;12023;4;3;60;60;0;60;1024200.00;17070.00;224445.00;799755.00"
"netsuite;vonderk;2026-07-20 14:22;363794;OV_ME-18480;2026-07-20;2026-07-20;3726;9738;4;3;24;24;0;24;1977480.00;82395.00;808305.00;1169175.00"
"netsuite;vonderk;2026-07-20 14:22;363794;OV_ME-18480;2026-07-20;2026-07-20;3726;8531;4;3;10;10;0;10;238950.00;23895.00;128850.00;110100.00"
"netsuite;vonderk;2026-07-20 14:22;363794;OV_ME-18480;2026-07-20;2026-07-20;3726;8527;4;3;4;4;0;4;155040.00;38760.00;72540.00;82500.00"
"netsuite;vonderk;2026-07-20 14:22;363794;OV_ME-18480;2026-07-20;2026-07-20;3726;10696;4;3;12;12;0;12;614340.00;51195.00;187080.00;427260.00"
"netsuite;vonderk;2026-07-20 14:22;363795;OV_ME-18481;2026-07-20;2026-07-20;3810;10146;4;3;4;4;0;4;168000.00;42000.00;123435.00;44565.00"
"netsuite;vonderk;2026-07-20 14:22;362472;OV_ME-18403;2026-07-19;2026-07-20;3812;9615;4;3;1;1;0;1;96735.10;96735.10;35294.64;61440.46"
"netsuite;vonderk;2026-07-20 14:22;362472;OV_ME-18403;2026-07-19;2026-07-20;3812;12470;4;3;2;2;0;2;135355.24;67677.62;78526.14;56829.10"
"netsuite;vonderk;2026-07-20 14:22;362472;OV_ME-18403;2026-07-19;2026-07-20;3812;10217;4;3;18;18;0;18;97902.72;5439.04;44073.96;53828.76"
"netsuite;vonderk;2026-07-20 14:22;362472;OV_ME-18403;2026-07-19;2026-07-20;3812;11089;4;3;2;2;0;2;15519.00;7759.50;6651.00;8868.00"
"netsuite;vonderk;2026-07-20 14:22;362472;OV_ME-18403;2026-07-19;2026-07-20;3812;9776;4;3;1;1;0;1;11173.68;11173.68;4049.72;7123.96"
"netsuite;vonderk;2026-07-20 14:22;362458;OV_ME-18401;2026-07-18;2026-07-21;3782;9488;4;3;1;1;0;1;162432.20;162432.20;51759.56;110672.64"
"netsuite;vonderk;2026-07-20 14:22;362458;OV_ME-18401;2026-07-18;2026-07-21;3782;9489;4;3;1;1;0;1;288949.00;288949.00;84866.76;204082.24"
"netsuite;vonderk;2026-07-20 14:22;362458;OV_ME-18401;2026-07-18;2026-07-21;3782;12297;4;3;1;1;0;1;582302.44;582302.44;163230.32;419072.12"
"netsuite;vonderk;2026-07-20 14:22;362458;OV_ME-18401;2026-07-18;2026-07-21;3782;9289;4;3;2;2;0;2;20100.80;10050.40;6695.34;13405.46"
"netsuite;vonderk;2026-07-20 14:22;362465;OV_ME-18402;2026-07-18;2026-07-20;3767;10112;4;3;4;4;0;4;73486.16;18371.54;32634.24;40851.92"
"netsuite;vonderk;2026-07-20 14:22;362465;OV_ME-18402;2026-07-18;2026-07-20;3767;10113;4;3;10;10;0;10;302694.40;30269.44;124950.12;177744.28"
"netsuite;vonderk;2026-07-20 14:22;362465;OV_ME-18402;2026-07-18;2026-07-20;3767;10111;4;3;110;110;0;110;170709.00;1551.90;66982.96;103726.04"
"netsuite;vonderk;2026-07-20 14:22;362465;OV_ME-18402;2026-07-18;2026-07-20;3767;11809;4;3;180;180;0;180;931140.00;5173.00;368657.54;562482.46"
"netsuite;vonderk;2026-07-20 14:22;362465;OV_ME-18402;2026-07-18;2026-07-20;3767;11753;4;3;130;130;0;130;1043320.20;8025.54;296575.48;746744.72"
"netsuite;vonderk;2026-07-20 14:22;361265;OV_ME-18348;2026-07-17;2026-07-17;3767;10415;4;3;2;2;0;2;39258.70;19629.35;17013.10;22245.60"
"netsuite;vonderk;2026-07-20 14:22;361265;OV_ME-18348;2026-07-17;2026-07-17;3767;12163;4;3;1;1;0;1;81103.75;81103.75;38137.45;42966.30"
"netsuite;vonderk;2026-07-20 14:22;361798;OV_ME-18358;2026-07-17;2026-07-17;3816;10145;4;3;2;2;0;2;45149.00;22574.50;17521.40;27627.60"
"netsuite;vonderk;2026-07-20 14:22;361814;OV_ME-18360;2026-07-17;2026-07-17;3726;11085;4;3;78;78;0;78;4489485.00;57557.50;1451061.95;3038423.05"
"netsuite;vonderk;2026-07-20 14:22;361814;OV_ME-18360;2026-07-17;2026-07-17;3726;11087;4;3;89;89;0;89;5541740.75;62266.75;1808800.50;3732940.25"
"netsuite;vonderk;2026-07-20 14:22;362003;OV_ME-18364;2026-07-17;2026-07-24;3979;9738;4;3;2;2;0;2;176858.50;88429.25;67364.70;109493.80"
"netsuite;vonderk;2026-07-20 14:22;362003;OV_ME-18364;2026-07-17;2026-07-24;3979;9729;4;3;2;2;0;2;219765.00;109882.50;78861.25;140903.75"
"netsuite;vonderk;2026-07-20 14:22;362003;OV_ME-18364;2026-07-17;2026-07-24;3979;9614;4;3;2;2;0;2;195695.50;97847.75;72911.15;122784.35"
"netsuite;vonderk;2026-07-20 14:22;362003;OV_ME-18364;2026-07-17;2026-07-24;3979;11783;4;3;15;15;0;15;37674.00;2511.60;16833.70;20840.30"
"netsuite;vonderk;2026-07-20 14:22;362003;OV_ME-18364;2026-07-17;2026-07-24;3979;9977;4;3;2;2;0;2;159068.00;79534.00;31245.50;127822.50"
"netsuite;vonderk;2026-07-20 14:22;362112;OV_ME-18366;2026-07-17;2026-07-21;3793;10206;4;3;85;85;0;85;447304.00;5262.40;175004.70;272299.30"
"netsuite;vonderk;2026-07-20 14:22;362112;OV_ME-18366;2026-07-17;2026-07-21;3793;9616;4;3;10;10;0;10;381374.50;38137.45;126133.15;255241.35"
"netsuite;vonderk;2026-07-20 14:22;362112;OV_ME-18366;2026-07-17;2026-07-21;3793;9706;4;3;3;3;0;3;717600.00;239200.00;247392.60;470207.40"
"netsuite;vonderk;2026-07-20 14:22;362112;OV_ME-18366;2026-07-17;2026-07-21;3793;11154;4;3;2;2;0;2;77740.00;38870.00;35386.65;42353.35"
"netsuite;vonderk;2026-07-20 14:22;362112;OV_ME-18366;2026-07-17;2026-07-21;3793;9993;4;3;5;5;0;5;131560.00;26312.00;40110.85;91449.15"
"netsuite;vonderk;2026-07-20 14:22;362112;OV_ME-18366;2026-07-17;2026-07-21;3793;9990;4;3;5;5;0;5;77740.00;15548.00;28674.10;49065.90"
"netsuite;vonderk;2026-07-20 14:22;362112;OV_ME-18366;2026-07-17;2026-07-21;3793;9959;4;3;2;2;0;2;56212.00;28106.00;18642.65;37569.35"
"netsuite;vonderk;2026-07-20 14:22;362175;OV_ME-18373;2026-07-17;2026-07-17;3864;9772;4;3;30;30;0;30;571837.50;19061.25;213261.75;358575.75"
"netsuite;vonderk;2026-07-20 14:22;362177;OV_ME-18374;2026-07-17;2026-07-21;3746;10390;4;3;4;4;0;4;115115.00;28778.75;43549.35;71565.65"
"netsuite;vonderk;2026-07-20 14:22;362177;OV_ME-18374;2026-07-17;2026-07-21;3746;9694;4;3;2;2;0;2;138138.00;69069.00;55389.75;82748.25"
"netsuite;vonderk;2026-07-20 14:22;362177;OV_ME-18374;2026-07-17;2026-07-21;3746;9585;4;3;1;1;0;1;121917.25;121917.25;42114.15;79803.10"
"netsuite;vonderk;2026-07-20 14:22;362190;OV_ME-18375;2026-07-17;2026-07-22;4075;9946;4;3;1;1;0;1;37569.35;37569.35;12901.85;24667.50"
"netsuite;vonderk;2026-07-20 14:22;362190;OV_ME-18375;2026-07-17;2026-07-22;4075;10075;4;3;2;2;0;2;118852.50;59426.25;48572.55;70279.95"
"netsuite;vonderk;2026-07-20 14:22;362190;OV_ME-18375;2026-07-17;2026-07-22;4075;10053;4;3;4;4;0;4;160802.20;40200.55;56391.40;104410.80"
"netsuite;vonderk;2026-07-20 14:22;362190;OV_ME-18375;2026-07-17;2026-07-22;4075;9993;4;3;2;2;0;2;49335.00;24667.50;16041.35;33293.65"
"netsuite;vonderk;2026-07-20 14:22;362190;OV_ME-18375;2026-07-17;2026-07-22;4075;9974;4;3;1;1;0;1;11212.50;11212.50;4694.30;6518.20"
"netsuite;vonderk;2026-07-20 14:22;362190;OV_ME-18375;2026-07-17;2026-07-22;4075;9872;4;3;2;2;0;2;50650.60;25325.30;16071.25;34579.35"
"netsuite;vonderk;2026-07-20 14:22;362190;OV_ME-18375;2026-07-17;2026-07-22;4075;12386;4;3;1;1;0;1;62790.00;62790.00;23411.70;39378.30"
"netsuite;vonderk;2026-07-20 14:22;362190;OV_ME-18375;2026-07-17;2026-07-22;4075;12385;4;3;1;1;0;1;26910.00;26910.00;11033.10;15876.90"
"netsuite;vonderk;2026-07-20 14:22;362190;OV_ME-18375;2026-07-17;2026-07-22;4075;12384;4;3;1;1;0;1;26910.00;26910.00;11033.10;15876.90"
"netsuite;vonderk;2026-07-20 14:22;362190;OV_ME-18375;2026-07-17;2026-07-22;4075;12377;4;3;1;1;0;1;72881.25;72881.25;29272.10;43609.15"
"netsuite;vonderk;2026-07-20 14:22;362336;OV_ME-18385;2026-07-17;2026-07-17;3702;9959;4;3;2;2;0;2;49185.50;24592.75;18642.65;30542.85"
"netsuite;vonderk;2026-07-20 14:22;362336;OV_ME-18385;2026-07-17;2026-07-17;3702;9964;4;3;2;2;0;2;1883.70;941.85;672.75;1210.95"
"netsuite;vonderk;2026-07-20 14:22;362336;OV_ME-18385;2026-07-17;2026-07-17;3702;9927;4;3;2;2;0;2;16235.70;8117.85;7594.60;8641.10"
"netsuite;vonderk;2026-07-20 14:22;362336;OV_ME-18385;2026-07-17;2026-07-17;3702;9925;4;3;2;2;0;2;10584.60;5292.30;7220.85;3363.75"
"netsuite;vonderk;2026-07-20 14:22;362336;OV_ME-18385;2026-07-17;2026-07-17;3702;12259;4;3;2;2;0;2;65660.40;32830.20;21438.30;44222.10"
"netsuite;vonderk;2026-07-20 14:22;362336;OV_ME-18385;2026-07-17;2026-07-17;3702;12090;4;3;3;3;0;3;172672.50;57557.50;64733.50;107939.00"
"netsuite;vonderk;2026-07-20 14:22;362442;OV_ME-18388;2026-07-17;2026-07-17;3943;10093;4;3;1;1;0;1;541190.00;541190.00;174242.25;366947.75"
"netsuite;vonderk;2026-07-20 14:22;362446;OV_ME-18390;2026-07-17;2026-07-17;3937;9227;4;3;12;12;0;12;111228.00;9269.00;84467.50;26760.50"
"netsuite;vonderk;2026-07-20 14:22;362446;OV_ME-18390;2026-07-17;2026-07-17;3937;9875;4;3;11;11;0;11;230230.00;20930.00;66976.00;163254.00"
"netsuite;vonderk;2026-07-20 14:22;362446;OV_ME-18390;2026-07-17;2026-07-17;3937;9229;4;3;12;12;0;12;98670.00;8222.50;76289.85;22380.15"
"netsuite;vonderk;2026-07-20 14:22;362452;OV_ME-18396;2026-07-17;2026-07-17;3931;12386;4;3;16;16;0;16;937664.00;58604.00;374676.90;562987.10"
"netsuite;vonderk;2026-07-20 14:22;360421;OV_ME-18293;2026-07-16;2026-07-16;3937;10145;4;3;100;100;0;100;1974895.00;19748.95;875905.55;1000244.70"
"netsuite;vonderk;2026-07-20 14:22;360422;OV_ME-18294;2026-07-16;2026-07-16;3937;9229;4;3;37;37;0;37;304232.50;8222.50;235223.30;69009.20"
"netsuite;vonderk;2026-07-20 14:22;360422;OV_ME-18294;2026-07-16;2026-07-16;3937;11942;4;3;17;17;0;17;335732.15;19748.95;126133.15;209599.00"
"netsuite;vonderk;2026-07-20 14:22;360488;OV_ME-18296;2026-07-16;2026-07-16;3853;9457;4;3;10;10;0;10;204067.50;20406.75;75019.10;129048.40"
"netsuite;vonderk;2026-07-20 14:22;360488;OV_ME-18296;2026-07-16;2026-07-16;3853;9458;4;3;40;40;0;40;941850.00;23546.25;344896.50;596953.50"
"netsuite;vonderk;2026-07-20 14:22;360637;OV_ME-18297;2026-07-16;2026-07-16;3830;9959;4;3;1;1;0;1;28106.00;28106.00;9328.80;18777.20"
"netsuite;vonderk;2026-07-20 14:22;360953;OV_ME-18315;2026-07-16;2026-07-21;4047;9957;4;3;1;1;0;1;9568.00;9568.00;3004.95;6563.05"
"netsuite;vonderk;2026-07-20 14:22;360953;OV_ME-18315;2026-07-16;2026-07-21;4047;9946;4;3;2;2;0;2;80132.00;40066.00;25818.65;54313.35"
"netsuite;vonderk;2026-07-20 14:22;360953;OV_ME-18315;2026-07-16;2026-07-21;4047;11137;4;3;1;1;0;1;83720.00;83720.00;24383.45;59336.55"
"netsuite;vonderk;2026-07-20 14:22;360953;OV_ME-18315;2026-07-16;2026-07-21;4047;11139;4;3;1;1;0;1;74750.00;74750.00;23650.90;51099.10"
"netsuite;vonderk;2026-07-20 14:22;360953;OV_ME-18315;2026-07-16;2026-07-21;4047;11147;4;3;14;14;0;14;533924.30;38137.45;154149.45;379774.85"
"netsuite;vonderk;2026-07-20 14:22;360956;OV_ME-18316;2026-07-16;2026-07-23;4047;12190;4;3;1;1;0;1;2541.50;2541.50;1255.80;1285.70"
"netsuite;vonderk;2026-07-20 14:22;360956;OV_ME-18316;2026-07-16;2026-07-23;4047;9620;4;3;1;1;0;1;7176.00;7176.00;2436.85;4739.15"
"netsuite;vonderk;2026-07-20 14:22;360956;OV_ME-18316;2026-07-16;2026-07-23;4047;9412;4;3;1;1;0;1;33189.00;33189.00;13783.90;19405.10"
"netsuite;vonderk;2026-07-20 14:22;361058;OV_ME-18317;2026-07-16;2026-07-23;4047;8492;4;3;2.1;2.1;0;2.1;3199.30;1524.90;1001.65;2197.65"
"netsuite;vonderk;2026-07-20 14:22;361058;OV_ME-18317;2026-07-16;2026-07-23;4047;9412;4;3;1;1;0;1;33189.00;33189.00;13783.90;19405.10"
"netsuite;vonderk;2026-07-20 14:22;359775;OV_ME-18230;2026-07-15;2026-07-15;3830;9937;4;3;1;1;0;1;66976.00;66976.00;26446.55;40529.45"
"netsuite;vonderk;2026-07-20 14:22;359775;OV_ME-18230;2026-07-15;2026-07-15;3830;9935;4;3;1;1;0;1;59800.00;59800.00;25504.70;34295.30"
"netsuite;vonderk;2026-07-20 14:22;359775;OV_ME-18230;2026-07-15;2026-07-15;3830;9927;4;3;2;2;0;2;18538.00;9269.00;7594.60;10943.40"
"netsuite;vonderk;2026-07-20 14:22;359775;OV_ME-18230;2026-07-15;2026-07-15;3830;9964;4;3;2;2;0;2;2152.80;1076.40;672.75;1480.05"
"netsuite;vonderk;2026-07-20 14:22;359775;OV_ME-18230;2026-07-15;2026-07-15;3830;9960;4;3;2;2;0;2;83720.00;41860.00;26775.45;56944.55"
"netsuite;vonderk;2026-07-20 14:22;359775;OV_ME-18230;2026-07-15;2026-07-15;3830;9959;4;3;1;1;0;1;28106.00;28106.00;9328.80;18777.20"
"netsuite;vonderk;2026-07-20 14:22;359775;OV_ME-18230;2026-07-15;2026-07-15;3830;12259;4;3;16;16;0;16;600392.00;37524.50;171476.50;428915.50"
"netsuite;vonderk;2026-07-20 14:22;359998;OV_ME-18245;2026-07-15;2026-07-22;4047;12190;4;3;1;1;0;1;2541.50;2541.50;1240.85;1300.65"
"netsuite;vonderk;2026-07-20 14:22;359998;OV_ME-18245;2026-07-15;2026-07-22;4047;11780;4;3;2;2;0;2;18538.00;9269.00;4798.95;13739.05"
"netsuite;vonderk;2026-07-20 14:22;359998;OV_ME-18245;2026-07-15;2026-07-22;4047;9412;4;3;1;1;0;1;33189.00;33189.00;13649.35;19539.65"
"netsuite;vonderk;2026-07-20 14:22;357921;OV_ME-18145;2026-07-14;2026-07-14;3702;10421;4;3;4;4;0;4;122206.00;30551.50;57009.40;65196.60"
"netsuite;vonderk;2026-07-20 14:22;357921;OV_ME-18145;2026-07-14;2026-07-14;3702;11095;4;3;3;3;0;3;85333.50;28444.50;27752.20;57581.30"
"netsuite;vonderk;2026-07-20 14:22;357921;OV_ME-18145;2026-07-14;2026-07-14;3702;9959;4;3;2;2;0;2;49514.50;24757.25;18646.95;30867.55"
"netsuite;vonderk;2026-07-20 14:22;357921;OV_ME-18145;2026-07-14;2026-07-14;3702;9964;4;3;2;2;0;2;1896.30;948.15;677.25;1219.05"
"netsuite;vonderk;2026-07-20 14:22;357921;OV_ME-18145;2026-07-14;2026-07-14;3702;9927;4;3;1;1;0;1;8172.15;8172.15;3792.60;4379.55"
"netsuite;vonderk;2026-07-20 14:22;357921;OV_ME-18145;2026-07-14;2026-07-14;3702;9935;4;3;1;1;0;1;52675.00;52675.00;25494.70;27180.30"
"netsuite;vonderk;2026-07-20 14:22;357921;OV_ME-18145;2026-07-14;2026-07-14;3702;9722;4;3;12;12;0;12;117028.80;9752.40;49740.25;67288.55"
"netsuite;vonderk;2026-07-20 14:22;357921;OV_ME-18145;2026-07-14;2026-07-14;3702;9854;4;3;1;1;0;1;47407.50;47407.50;19128.55;28278.95"
"netsuite;vonderk;2026-07-20 14:22;357921;OV_ME-18145;2026-07-14;2026-07-14;3702;10391;4;3;1;1;0;1;52675.00;52675.00;27044.85;25630.15"
"netsuite;vonderk;2026-07-20 14:22;358199;OV_ME-18154;2026-07-14;2026-07-14;3944;9497;4;3;20;20;0;20;204680.00;10234.00;45661.70;159018.30"
"netsuite;vonderk;2026-07-20 14:22;358849;OV_ME-18175;2026-07-14;2026-07-14;3941;9478;4;3;2;2;0;2;68477.50;34238.75;22590.05;45887.45"
"netsuite;vonderk;2026-07-20 14:22;356795;OV_ME-18083;2026-07-13;2026-07-13;3845;12090;4;3;2;2;0;2;132880.00;66440.00;43155.80;89724.20"
"netsuite;vonderk;2026-07-20 14:22;355296;OV_ME-17993;2026-07-10;2026-07-10;3857;9750;4;3;2;2;0;2;39848.64;19924.32;11308.80;28539.84"
"netsuite;vonderk;2026-07-20 14:22;355296;OV_ME-17993;2026-07-10;2026-07-10;3857;9437;4;3;30;30;0;30;114724.80;3824.16;42750.24;71974.56"
"netsuite;vonderk;2026-07-20 14:22;355296;OV_ME-17993;2026-07-10;2026-07-10;3857;8542;4;3;3;3;0;3;55487.52;18495.84;28346.40;27141.12"
"netsuite;vonderk;2026-07-20 14:22;355665;OV_ME-17999;2026-07-10;2026-07-10;4173;9738;4;3;1;1;0;1;108463.30;108463.30;33673.00;74790.30"
"netsuite;vonderk;2026-07-20 14:22;355825;OV_ME-18002;2026-07-10;2026-07-17;3972;10639;4;3;496.6;3.8;0;496.6;4784148.10;9633.80;977528.70;3806619.40"
"netsuite;vonderk;2026-07-20 14:22;355825;OV_ME-18002;2026-07-10;2026-07-17;3972;11753;4;3;496.6;496.6;0;496.6;4356727.50;8773.10;1132907.70;3223819.80"
"netsuite;vonderk;2026-07-20 14:22;354597;OV_ME-17933;2026-07-08;2026-07-08;3868;9996;4;3;1;1;0;1;84840.00;84840.00;22891.65;61948.35"
"netsuite;vonderk;2026-07-20 14:22;354601;OV_ME-17934;2026-07-08;2026-07-08;3868;9996;4;3;1;1;0;1;84840.00;84840.00;22891.65;61948.35"
"netsuite;vonderk;2026-07-20 14:22;354736;OV_ME-17938;2026-07-08;2026-07-08;3816;9674;4;3;8;8;0;8;96960.00;12120.00;32148.30;50267.70"
"netsuite;vonderk;2026-07-20 14:22;354736;OV_ME-17938;2026-07-08;2026-07-08;3816;8544;4;3;1;1;0;1;23028.00;23028.00;8908.20;10665.60"
"netsuite;vonderk;2026-07-20 14:22;354736;OV_ME-17938;2026-07-08;2026-07-08;3816;8542;4;3;1;1;0;1;21513.00;21513.00;9453.60;8832.45"
"netsuite;vonderk;2026-07-20 14:22;354736;OV_ME-17938;2026-07-08;2026-07-08;3816;10393;4;3;15;15;0;15;954450.00;63630.00;331754.70;479527.80"
"netsuite;vonderk;2026-07-20 14:22;354736;OV_ME-17938;2026-07-08;2026-07-08;3816;9875;4;3;2;2;0;2;42420.00;21210.00;12180.60;23876.40"
"netsuite;vonderk;2026-07-20 14:22;354736;OV_ME-17938;2026-07-08;2026-07-08;3816;10279;4;3;2;2;0;2;119988.00;59994.00;156499.50;-54509.70"
"netsuite;vonderk;2026-07-20 14:22;354736;OV_ME-17938;2026-07-08;2026-07-08;3816;10405;4;3;4;4;0;4;135744.00;33936.00;53964.30;61418.10"
"netsuite;vonderk;2026-07-20 14:22;354976;OV_ME-17955;2026-07-08;2026-07-08;3746;10071;4;3;1;1;0;1;50964.60;50964.60;29042.55;21922.05"
"netsuite;vonderk;2026-07-20 14:22;354976;OV_ME-17955;2026-07-08;2026-07-08;3746;10072;4;3;1;1;0;1;75946.95;75946.95;42753.30;33193.65"
"netsuite;vonderk;2026-07-20 14:22;354976;OV_ME-17955;2026-07-08;2026-07-08;3746;9990;4;3;2;2;0;2;27573.00;13786.50;11468.55;16104.45"
"netsuite;vonderk;2026-07-20 14:22;354976;OV_ME-17955;2026-07-08;2026-07-08;3746;10083;4;3;2;2;0;2;95990.40;47995.20;35602.50;60387.90"
"netsuite;vonderk;2026-07-20 14:22;354976;OV_ME-17955;2026-07-08;2026-07-08;3746;10000;4;3;1;1;0;1;77946.75;77946.75;31905.90;46040.85"
"netsuite;vonderk;2026-07-20 14:22;354976;OV_ME-17955;2026-07-08;2026-07-08;3746;10011;4;3;1;1;0;1;54615.75;54615.75;23891.55;30724.20"
"netsuite;vonderk;2026-07-20 14:22;350868;OV_ME-17693;2026-07-03;2026-07-07;3973;11837;4;3;20;20;0;20;1618720.00;80936.00;698586.40;920133.60"
"netsuite;vonderk;2026-07-20 14:22;350868;OV_ME-17693;2026-07-03;2026-07-07;3973;11838;4;3;12;12;0;12;1471344.00;122612.00;545321.40;926022.60"
"netsuite;vonderk;2026-07-20 14:22;350981;OV_ME-17700;2026-07-03;2026-07-03;3868;9880;4;3;25;1;0;25;1240465.00;49618.60;548673.60;629768.93"
"netsuite;vonderk;2026-07-20 14:22;349487;OV_ME-17604;2026-07-02;2026-07-06;3783;10211;4;3;8;8;0;8;112.24;;52612.00;-52499.76"
"netsuite;vonderk;2026-07-20 14:22;349487;OV_ME-17604;2026-07-02;2026-07-06;3783;9410;4;3;8;8;0;8;438.64;54.83;250392.01;-249953.37"
"netsuite;vonderk;2026-07-20 14:22;349487;OV_ME-17604;2026-07-02;2026-07-06;3783;9412;4;3;1;1;0;1;23.59;23.59;13787.27;-13763.68"
"netsuite;vonderk;2026-07-20 14:22;347585;OV_ME-17483;2026-07-01;2026-07-01;3850;9956;4;3;11;11;0;11;354915.00;32265.00;106800.00;248115.00"
"netsuite;vonderk;2026-07-20 14:22;346993;OV_ME-17470;2026-06-30;2026-06-30;3931;12384;4;3;10;10;0;10;251160.00;25116.00;.00;251160.00"
"netsuite;vonderk;2026-07-20 14:22;344028;OV_ME-17265;2026-06-29;2026-06-30;3746;10075;4;3;4;4;0;4;219186.80;54796.70;97157.06;122029.74"
"netsuite;vonderk;2026-07-20 14:22;344028;OV_ME-17265;2026-06-29;2026-06-30;3746;10064;4;3;4;4;0;4;47559.40;11889.85;19171.46;28387.94"
"netsuite;vonderk;2026-07-20 14:22;344028;OV_ME-17265;2026-06-29;2026-06-30;3746;9971;4;3;4;4;0;4;48386.52;12096.63;23499.07;24887.45"
"netsuite;vonderk;2026-07-20 14:22;344028;OV_ME-17265;2026-06-29;2026-06-30;3746;9990;4;3;1;1;0;1;13440.70;13440.70;5730.76;7709.94"
"netsuite;vonderk;2026-07-20 14:22;344028;OV_ME-17265;2026-06-29;2026-06-30;3746;10030;4;3;4;4;0;4;202644.40;50661.10;82209.82;120434.58"
"netsuite;vonderk;2026-07-20 14:22;337831;OV_ME-16904;2026-06-23;2026-06-23;3767;9690;4;3;54;26;0;54;1160138.70;21484.05;1157493.39;2645.31"
"netsuite;vonderk;2026-07-20 14:22;337581;OV_MEX-7970;2026-06-22;2026-06-22;13797;10053;12;11;1;1;0;1;.00;.00;121611.60;-121611.60"
"netsuite;vonderk;2026-07-20 14:22;334133;OV_ME-16669;2026-06-18;2026-06-18;3944;9498;4;3;10;2;0;10;99280.00;9928.00;37259.20;62020.80"
"netsuite;vonderk;2026-07-20 14:22;334509;OV_ME-16687;2026-06-18;2026-06-18;3953;10077;4;3;17;12;0;17;1346485.00;79205.00;633260.40;713224.60"
"netsuite;vonderk;2026-07-20 14:22;334509;OV_ME-16687;2026-06-18;2026-06-18;3953;10022;4;3;14;14;0;14;28616.00;2044.00;14483.20;14132.80"
"netsuite;vonderk;2026-07-20 14:22;334509;OV_ME-16687;2026-06-18;2026-06-18;3953;10030;4;3;63;63;0;63;3154914.00;50078.00;1294786.40;1860127.60"
"netsuite;vonderk;2026-07-20 14:22;334509;OV_ME-16687;2026-06-18;2026-06-18;3953;10058;4;3;42;42;0;42;2983218.00;71029.00;1198952.00;1784266.00"
"netsuite;vonderk;2026-07-20 14:22;334509;OV_ME-16687;2026-06-18;2026-06-18;3953;10083;4;3;42;42;0;42;1942617.60;46252.80;747782.80;1194834.80"
"netsuite;vonderk;2026-07-20 14:22;334509;OV_ME-16687;2026-06-18;2026-06-18;3953;9993;4;3;21;21;0;21;515088.00;24528.00;173827.60;341260.40"
"netsuite;vonderk;2026-07-20 14:22;334509;OV_ME-16687;2026-06-18;2026-06-18;3953;10075;4;3;4;4;0;4;216664.00;54166.00;100243.60;116420.40"
"netsuite;vonderk;2026-07-20 14:22;334509;OV_ME-16687;2026-06-18;2026-06-18;3953;9996;4;3;1;1;0;1;81760.00;81760.00;22892.80;58867.20"
"netsuite;vonderk;2026-07-20 14:22;331625;OV_ME-16506;2026-06-16;2026-06-16;3813;9531;4;3;30;30;0;30;502860.00;16762.00;5051162.00;-4548302.00"
"netsuite;vonderk;2026-07-20 14:22;331625;OV_ME-16506;2026-06-16;2026-06-16;3813;9283;4;3;2;2;0;2;43355.00;21677.50;20111.50;23243.50"
"netsuite;vonderk;2026-07-20 14:22;328132;OV_ME-16278;2026-06-11;2026-06-11;3702;10076;4;3;22;22;0;22;1187571.00;53980.50;493666.95;693904.05"
"netsuite;vonderk;2026-07-20 14:22;326880;OV_ME-16193;2026-06-10;2026-06-10;3801;12382;4;3;1;1;0;1;17520.00;17520.00;.00;17520.00"
"netsuite;vonderk;2026-07-20 14:22;325248;OV_ME-16093;2026-06-09;2026-06-09;3694;9495;4;3;50;1;0;50;494437.50;9888.75;168680.10;325757.40"
"netsuite;vonderk;2026-07-20 14:22;313570;OV_ME-15399;2026-05-28;2026-05-28;3707;9430;4;3;30;30;0;30;151866.00;5062.20;56999.80;94866.20"
"netsuite;vonderk;2026-07-20 14:22;309485;OV_ME-15094;2026-05-22;2026-05-22;13871;12164;4;3;2;2;0;2;180480.00;90240.00;80496.90;99983.10"
"netsuite;vonderk;2026-07-20 14:22;305489;ME-14822;2026-05-20;2026-05-20;3675;12164;4;3;2;2;0;2;193120.00;96560.00;80499.80;112620.20"
"netsuite;vonderk;2026-07-20 14:22;305489;ME-14822;2026-05-20;2026-05-20;3675;12165;4;3;2;2;0;2;220895.20;110447.60;92158.00;128737.20"
"netsuite;vonderk;2026-07-20 14:22;301184;ME-14517;2026-05-15;2026-05-15;13943;9855;4;3;1;1;0;1;181120.00;181120.00;100224.45;80895.55"
"netsuite;vonderk;2026-07-20 14:22;296083;ME-14203;2026-05-12;2026-05-12;3859;10063;4;3;4;4;0;4;193940.40;48485.10;53445.07;140495.33"
"netsuite;vonderk;2026-07-20 14:22;295501;ME-14140;2026-05-11;2026-05-11;3763;10361;4;3;25;25;0;25;705740.00;28229.60;275991.20;429748.80"
"netsuite;vonderk;2026-07-20 14:22;287321;ME-13698;2026-04-30;2026-04-30;3767;9580;4;3;30;1;0;30;252577.50;8419.25;66604.05;185973.45"
"netsuite;vonderk;2026-07-20 14:22;285693;ME-13541;2026-04-29;2026-04-29;3845;12017;4;3;25;25;0;25;40040.00;1601.60;11368.50;28671.50"
"netsuite;vonderk;2026-07-20 14:22;280949;ME-13229;2026-04-24;2026-04-24;3710;12382;4;3;1;1;0;1;15918.75;15918.75;.00;15918.75"
"netsuite;vonderk;2026-07-20 14:22;276813;ME-13019;2026-04-22;2026-04-22;3850;12163;4;3;3;3;0;3;260400.00;86800.00;.00;260400.00"
"netsuite;vonderk;2026-07-20 14:22;275842;ME-12942;2026-04-21;2026-04-21;4075;9947;4;3;2;1;0;2;57764.00;28882.00;18466.00;39298.00"
"netsuite;vonderk;2026-07-20 14:22;276174;ME-12951;2026-04-21;2026-04-21;3868;9531;4;3;10;10;0;10;161840.00;16184.00;1676402.00;-1514562.00"
"netsuite;vonderk;2026-07-20 14:22;273848;UY-45;2026-04-20;2026-04-20;13888;3735;11;10;43;1;0;43;471430.124;10963.49068323;282704.969;4862.55"
"netsuite;vonderk;2026-07-20 14:22;273848;UY-45;2026-04-20;2026-04-20;13888;11856;11;10;10;10;0;10;.00;.00;.00;.00"
"netsuite;vonderk;2026-07-20 14:22;271548;MEX-5746;2026-04-16;2026-04-16;3737;9955;12;11;3;3;0;3;.00;.00;717014.50;-717014.50"
"netsuite;vonderk;2026-07-20 14:22;271548;MEX-5746;2026-04-16;2026-04-16;3737;9445;12;11;10;.9;0;10;.00;.00;1576476.25;-1576476.25"
"netsuite;vonderk;2026-07-20 14:22;253507;ME-11712;2026-03-28;2026-03-30;3759;10392;4;3;60;1;0;60;12027750.00;200462.50;4837381.33;7190368.67"
"netsuite;vonderk;2026-07-20 14:22;253085;ME-11696;2026-03-27;2026-03-31;4041;9670;4;3;17;11;0;17;272217.60;16012.80;90544.60;181673.00"
"netsuite;vonderk;2026-07-20 14:22;251442;ME-11596;2026-03-26;2026-03-26;13871;10336;4;3;1;1;0;1;93940.00;93940.00;49224.00;44716.00"
"netsuite;vonderk;2026-07-20 14:22;251442;ME-11596;2026-03-26;2026-03-26;13871;10355;4;3;1;1;0;1;380520.00;380520.00;106022.00;274498.00"
"netsuite;vonderk;2026-07-20 14:22;249444;ME-11486;2026-03-25;2026-03-25;3793;9285;4;3;20;4;0;20;167508.00;8375.40;75731.10;91776.90"
"netsuite;vonderk;2026-07-20 14:22;250308;ME-11522;2026-03-25;2026-03-25;3868;10351;4;3;35;1;0;35;4023012.00;114943.20;2066904.90;1956107.10"
"netsuite;vonderk;2026-07-20 14:22;241067;ME-10952;2026-03-16;2026-03-16;3727;10191;4;3;2;2;0;2;21612.40;10806.20;8562.60;13049.80"
"netsuite;vonderk;2026-07-20 14:22;240112;ME-10878;2026-03-13;2026-03-13;3904;9499;4;3;12;3;0;12;115464.00;9622.00;27351.95;88112.05"
"netsuite;vonderk;2026-07-20 14:22;240116;ME-10880;2026-03-13;2026-03-13;3949;9670;4;3;3;3;0;3;48902.40;16300.80;15975.35;32927.05"
"netsuite;vonderk;2026-07-20 14:22;177261;MEX-2940;2026-01-14;2026-01-14;3727;6692;12;11;1;1;0;1;.00;.00;130008.11;-130008.11"
"netsuite;vonderk;2026-07-20 14:22;162847;UY-29;2025-12-30;2025-12-30;13353;10510;11;10;200;35;0;200;4127082.919;20635.41459627;.00;132892.07"
"netsuite;vonderk;2026-07-20 14:22;152893;MEX-2434;2025-12-17;2025-12-17;3789;10412;12;11;2;1;0;2;.00;.00;305655.50;-305655.50"
"netsuite;vonderk;2026-07-20 14:22;140861;UY-21;2025-12-03;2025-12-03;13888;10548;11;10;30;19;0;30;108490.373;3616.34782609;60402.795;1268.95"
"netsuite;vonderk;2026-07-20 14:22;140861;UY-21;2025-12-03;2025-12-03;13888;10774;11;10;30;10;0;30;577271.739;19242.39130435;349967.081;5832.16"
"netsuite;vonderk;2026-07-20 14:22;140861;UY-21;2025-12-03;2025-12-03;13888;3735;11;10;30;30;0;30;325471.429;10849.04347826;197237.578;3290.72"
"netsuite;vonderk;2026-07-20 14:22;140861;UY-21;2025-12-03;2025-12-03;13888;9590;11;10;30;7;0;30;144776.087;4825.86956522;85668.323;1530.33"
"netsuite;vonderk;2026-07-20 14:22;140861;UY-21;2025-12-03;2025-12-03;13888;9289;11;10;40;1;0;40;129015.528;3225.39130435;91532.609;874.61"
"netsuite;vonderk;2026-07-20 14:22;94113;UY-6;2025-10-17;2025-10-17;13353;9796;11;10;405;29;0;405;110780.124;273.5310559;.00;3567.12"
"netsuite;vonderk;2026-07-20 14:22;94113;UY-6;2025-10-17;2025-10-17;13353;9832;11;10;210;64;0;210;430811.491;2051.48291925;.00;13872.13"
